# Blender 5.2.0 LTS
# www.blender.org
mtllib numver3.0diamond.mtl
o 133262005396915
v 0.372641 -0.062782 -0.386275
v 0.372641 0.037218 -0.386275
v 0.390927 0.037218 -0.319940
v 0.390927 -0.062782 -0.319940
v 0.390927 0.037218 -0.173040
v 0.390927 -0.062782 -0.173040
v 0.374391 0.037218 -0.119853
v 0.374391 -0.062782 -0.119853
v 0.343692 -0.062782 -0.425335
v 0.343692 0.037218 -0.425335
v 0.372641 0.037218 -0.386275
v 0.372641 -0.062782 -0.386275
v 0.310195 -0.062782 -0.449814
v 0.310195 0.037218 -0.449814
v 0.254447 -0.062782 -0.466707
v 0.254447 0.037218 -0.466707
v 0.208670 -0.062782 -0.469751
v 0.208670 0.037218 -0.469751
v 0.162893 0.037218 -0.466707
v 0.162893 -0.062782 -0.466707
v 0.107146 0.037218 -0.449814
v 0.107146 -0.062782 -0.449814
v 0.073648 0.037218 -0.425335
v 0.073648 -0.062782 -0.425335
v 0.044700 0.037218 -0.386275
v 0.044700 -0.062782 -0.386275
v 0.246514 0.037218 -0.347360
v 0.246514 -0.062782 -0.347360
v 0.253368 -0.062782 -0.325779
v 0.227412 0.037218 -0.363830
v 0.253368 0.037218 -0.325779
v 0.227412 -0.062782 -0.363830
v 0.254101 -0.062782 -0.185758
v 0.208670 0.037218 -0.368092
v 0.254101 0.037218 -0.185758
v 0.208670 -0.062782 -0.368092
v 0.248728 -0.062782 -0.157702
v 0.189928 -0.062782 -0.363830
v 0.248728 0.037218 -0.157702
v 0.189928 0.037218 -0.363830
v 0.231628 -0.062782 -0.139798
v 0.170827 -0.062782 -0.347360
v 0.231628 0.037218 -0.139798
v 0.170827 0.037218 -0.347360
v 0.208670 -0.062782 -0.133196
v 0.163973 -0.062782 -0.325779
v 0.208670 0.037218 -0.133196
v 0.163973 0.037218 -0.325779
v 0.185712 0.037218 -0.139798
v 0.163239 -0.062782 -0.185758
v 0.185712 -0.062782 -0.139798
v 0.163239 0.037218 -0.185758
v 0.168612 0.037218 -0.157702
v 0.168612 -0.062782 -0.157702
v 0.374391 -0.062782 -0.119853
v 0.374391 0.037218 -0.119853
v 0.346541 0.037218 -0.080431
v 0.346541 -0.062782 -0.080431
v 0.307982 0.037218 -0.052491
v 0.307982 -0.062782 -0.052491
v 0.253171 0.037218 -0.036099
v 0.253171 -0.062782 -0.036099
v 0.208670 0.037218 -0.033055
v 0.208670 -0.062782 -0.033055
v 0.164170 -0.062782 -0.036099
v 0.164170 0.037218 -0.036099
v 0.109359 -0.062782 -0.052491
v 0.109359 0.037218 -0.052491
v 0.070799 -0.062782 -0.080431
v 0.070799 0.037218 -0.080431
v 0.042949 -0.062782 -0.119853
v 0.042949 0.037218 -0.119853
v -0.168829 0.037218 -0.033126
v -0.284600 0.037218 -0.035410
v -0.216914 0.037218 -0.028107
v -0.128420 0.037218 -0.046183
v -0.338139 0.037218 -0.059282
v -0.091435 0.037218 -0.069614
v -0.378037 0.037218 -0.101613
v -0.057004 0.037218 -0.111067
v -0.230759 0.037218 -0.134254
v -0.199628 0.037218 -0.135918
v -0.042612 0.037218 -0.155152
v -0.392306 0.037218 -0.170038
v -0.180559 0.037218 -0.154924
v -0.245401 0.037218 -0.142168
v -0.041617 0.037218 -0.181414
v -0.254499 0.037218 -0.167212
v -0.171432 0.037218 -0.180186
v -0.162266 0.037218 -0.188530
v -0.048707 0.037218 -0.188530
v -0.245278 0.037218 -0.196558
v -0.378602 0.037218 -0.219511
v -0.207602 0.037218 -0.237534
v -0.343633 0.037218 -0.268144
v -0.084524 0.037218 -0.331420
v -0.234932 0.037218 -0.356784
v -0.041686 0.037218 -0.371258
v -0.388773 0.037218 -0.356784
v -0.399024 0.037218 -0.364878
v -0.399028 0.037218 -0.458325
v -0.034772 0.037218 -0.386051
v -0.034964 0.037218 -0.458325
v -0.045206 0.037218 -0.465947
v -0.388786 0.037218 -0.465947
v -0.168829 -0.062782 -0.033126
v -0.216914 -0.062782 -0.028107
v -0.284600 -0.062782 -0.035410
v -0.128420 -0.062782 -0.046183
v -0.338139 -0.062782 -0.059282
v -0.091435 -0.062782 -0.069614
v -0.378037 -0.062782 -0.101613
v -0.057004 -0.062782 -0.111067
v -0.230759 -0.062782 -0.134254
v -0.199628 -0.062782 -0.135918
v -0.042612 -0.062782 -0.155152
v -0.392306 -0.062782 -0.170038
v -0.180559 -0.062782 -0.154924
v -0.245401 -0.062782 -0.142168
v -0.041617 -0.062782 -0.181414
v -0.254499 -0.062782 -0.167212
v -0.171432 -0.062782 -0.180186
v -0.162266 -0.062782 -0.188530
v -0.048707 -0.062782 -0.188530
v -0.245278 -0.062782 -0.196558
v -0.378602 -0.062782 -0.219511
v -0.207602 -0.062782 -0.237534
v -0.343633 -0.062782 -0.268144
v -0.084524 -0.062782 -0.331420
v -0.234932 -0.062782 -0.356784
v -0.041686 -0.062782 -0.371258
v -0.388773 -0.062782 -0.356784
v -0.399024 -0.062782 -0.364878
v -0.399028 -0.062782 -0.458325
v -0.034772 -0.062782 -0.386051
v -0.034964 -0.062782 -0.458325
v -0.045206 -0.062782 -0.465947
v -0.388786 -0.062782 -0.465947
v 0.390927 0.037218 -0.319940
v 0.254101 0.037218 -0.185758
v 0.390927 0.037218 -0.173040
v 0.374391 0.037218 -0.119853
v 0.248728 0.037218 -0.157702
v 0.231628 0.037218 -0.139798
v 0.253368 0.037218 -0.325779
v 0.372641 0.037218 -0.386275
v 0.246514 0.037218 -0.347360
v 0.372641 0.037218 -0.386275
v 0.227412 0.037218 -0.363830
v 0.374391 0.037218 -0.119853
v 0.208670 0.037218 -0.133196
v 0.042949 0.037218 -0.119853
v 0.185712 0.037218 -0.139798
v 0.372641 0.037218 -0.386275
v 0.208670 0.037218 -0.368092
v 0.044700 0.037218 -0.386275
v 0.189928 0.037218 -0.363830
v 0.170827 0.037218 -0.347360
v 0.044700 0.037218 -0.386275
v 0.168612 0.037218 -0.157702
v 0.042949 0.037218 -0.119853
v 0.163239 0.037218 -0.185758
v 0.026413 0.037218 -0.173040
v 0.026413 0.037218 -0.319940
v 0.163973 0.037218 -0.325779
v 0.044700 0.037218 -0.386275
v 0.208670 0.037218 -0.368092
v 0.073648 0.037218 -0.425335
v 0.107146 0.037218 -0.449814
v 0.162893 0.037218 -0.466707
v 0.208670 0.037218 -0.469751
v 0.254447 0.037218 -0.466707
v 0.310195 0.037218 -0.449814
v 0.343692 0.037218 -0.425335
v 0.208670 0.037218 -0.133196
v 0.346541 0.037218 -0.080431
v 0.374391 0.037218 -0.119853
v 0.307982 0.037218 -0.052491
v 0.253171 0.037218 -0.036099
v 0.208670 0.037218 -0.033055
v 0.164170 0.037218 -0.036099
v 0.109359 0.037218 -0.052491
v 0.070799 0.037218 -0.080431
v 0.042949 0.037218 -0.119853
v 0.390927 -0.062782 -0.319940
v 0.390927 -0.062782 -0.173040
v 0.254101 -0.062782 -0.185758
v 0.374391 -0.062782 -0.119853
v 0.248728 -0.062782 -0.157702
v 0.231628 -0.062782 -0.139798
v 0.253368 -0.062782 -0.325779
v 0.372641 -0.062782 -0.386275
v 0.246514 -0.062782 -0.347360
v 0.227412 -0.062782 -0.363830
v 0.372641 -0.062782 -0.386275
v 0.374391 -0.062782 -0.119853
v 0.208670 -0.062782 -0.133196
v 0.042949 -0.062782 -0.119853
v 0.185712 -0.062782 -0.139798
v 0.372641 -0.062782 -0.386275
v 0.208670 -0.062782 -0.368092
v 0.044700 -0.062782 -0.386275
v 0.189928 -0.062782 -0.363830
v 0.170827 -0.062782 -0.347360
v 0.044700 -0.062782 -0.386275
v 0.042949 -0.062782 -0.119853
v 0.168612 -0.062782 -0.157702
v 0.163239 -0.062782 -0.185758
v 0.026413 -0.062782 -0.173040
v 0.026413 -0.062782 -0.319940
v 0.163973 -0.062782 -0.325779
v 0.044700 -0.062782 -0.386275
v 0.073648 -0.062782 -0.425335
v 0.208670 -0.062782 -0.368092
v 0.107146 -0.062782 -0.449814
v 0.162893 -0.062782 -0.466707
v 0.208670 -0.062782 -0.469751
v 0.254447 -0.062782 -0.466707
v 0.310195 -0.062782 -0.449814
v 0.343692 -0.062782 -0.425335
v 0.208670 -0.062782 -0.133196
v 0.307982 -0.062782 -0.052491
v 0.253171 -0.062782 -0.036099
v 0.346541 -0.062782 -0.080431
v 0.374391 -0.062782 -0.119853
v 0.208670 -0.062782 -0.033055
v 0.164170 -0.062782 -0.036099
v 0.109359 -0.062782 -0.052491
v 0.070799 -0.062782 -0.080431
v 0.042949 -0.062782 -0.119853
v 0.044700 -0.062782 -0.386275
v 0.026413 0.037218 -0.319940
v 0.044700 0.037218 -0.386275
v 0.026413 -0.062782 -0.319940
v 0.026413 0.037218 -0.173040
v 0.026413 -0.062782 -0.173040
v 0.042949 0.037218 -0.119853
v 0.042949 -0.062782 -0.119853
v -0.034772 -0.062782 -0.386051
v -0.034772 0.037218 -0.386051
v -0.041686 0.037218 -0.371258
v -0.034964 -0.062782 -0.458325
v -0.041686 -0.062782 -0.371258
v -0.034964 0.037218 -0.458325
v -0.084524 0.037218 -0.331420
v -0.045206 -0.062782 -0.465947
v -0.084524 -0.062782 -0.331420
v -0.045206 0.037218 -0.465947
v -0.207602 0.037218 -0.237534
v -0.388786 -0.062782 -0.465947
v -0.207602 -0.062782 -0.237534
v -0.388786 0.037218 -0.465947
v -0.245278 0.037218 -0.196558
v -0.399028 -0.062782 -0.458325
v -0.245278 -0.062782 -0.196558
v -0.399028 0.037218 -0.458325
v -0.254499 0.037218 -0.167212
v -0.399024 -0.062782 -0.364878
v -0.254499 -0.062782 -0.167212
v -0.399024 0.037218 -0.364878
v -0.245401 0.037218 -0.142168
v -0.388773 -0.062782 -0.356784
v -0.245401 -0.062782 -0.142168
v -0.388773 0.037218 -0.356784
v -0.234932 -0.062782 -0.356784
v -0.234932 0.037218 -0.356784
v -0.230759 0.037218 -0.134254
v -0.230759 -0.062782 -0.134254
v -0.199628 0.037218 -0.135918
v -0.199628 -0.062782 -0.135918
v -0.180559 0.037218 -0.154924
v -0.180559 -0.062782 -0.154924
v -0.171432 0.037218 -0.180186
v -0.171432 -0.062782 -0.180186
v -0.162266 0.037218 -0.188530
v -0.162266 -0.062782 -0.188530
v -0.048707 0.037218 -0.188530
v -0.048707 -0.062782 -0.188530
v -0.041617 0.037218 -0.181414
v -0.041617 -0.062782 -0.181414
v -0.042612 0.037218 -0.155152
v -0.042612 -0.062782 -0.155152
v -0.057004 0.037218 -0.111067
v -0.057004 -0.062782 -0.111067
v -0.091435 0.037218 -0.069614
v -0.091435 -0.062782 -0.069614
v -0.128420 0.037218 -0.046183
v -0.128420 -0.062782 -0.046183
v -0.168829 0.037218 -0.033126
v -0.168829 -0.062782 -0.033126
v -0.216914 0.037218 -0.028107
v -0.216914 -0.062782 -0.028107
v -0.284600 0.037218 -0.035410
v -0.284600 -0.062782 -0.035410
v -0.338139 0.037218 -0.059282
v -0.338139 -0.062782 -0.059282
v -0.378037 0.037218 -0.101613
v -0.378037 -0.062782 -0.101613
v -0.392306 0.037218 -0.170038
v -0.392306 -0.062782 -0.170038
v -0.378602 0.037218 -0.219511
v -0.378602 -0.062782 -0.219511
v -0.343633 0.037218 -0.268144
v -0.343633 -0.062782 -0.268144
v -0.234932 0.037218 -0.356784
v -0.234932 -0.062782 -0.356784
vn 0.8989 0.0005 -0.4382
vn 0.9910 -0.0000 -0.1341
vn 0.9887 -0.0000 0.1501
vn 0.8970 0.0005 0.4421
vn 0.7046 0.0003 -0.7096
vn 0.7047 -0.0000 -0.7095
vn 0.4465 0.0003 -0.8948
vn 0.4463 -0.0000 -0.8949
vn 0.1790 0.0004 -0.9838
vn 0.1792 0.0003 -0.9838
vn -0.0000 0.0005 -1.0000
vn -0.1797 0.0004 -0.9837
vn -0.4465 0.0005 -0.8948
vn -0.4466 0.0004 -0.8947
vn -0.7046 0.0003 -0.7096
vn -0.7044 0.0005 -0.7098
vn -0.8988 0.0005 -0.4383
vn -0.8347 0.0005 0.5508
vn -0.8346 0.0003 0.5508
vn -0.9878 -0.0000 0.1557
vn -0.4507 -0.0000 0.8927
vn -0.9957 0.0004 -0.0923
vn -0.0000 0.0005 1.0000
vn -0.8891 0.0005 -0.4578
vn 0.4507 -0.0000 0.8927
vn -0.8890 0.0004 -0.4578
vn 0.4506 0.0003 0.8927
vn -0.5177 -0.0000 -0.8556
vn 0.8346 -0.0000 0.5508
vn -0.5177 -0.0000 -0.8555
vn 0.9878 -0.0000 0.1557
vn 0.5177 -0.0000 -0.8555
vn 0.9957 0.0004 -0.0922
vn 0.5177 -0.0000 -0.8556
vn 0.9957 0.0004 -0.0923
vn 0.8891 0.0004 -0.4578
vn 0.8889 -0.0000 -0.4581
vn 0.8969 0.0005 0.4422
vn 0.7113 -0.0000 0.7029
vn 0.7113 -0.0000 0.7028
vn 0.4427 0.0006 0.8967
vn 0.4429 -0.0000 0.8966
vn 0.1785 -0.0000 0.9839
vn -0.1785 -0.0000 0.9839
vn -0.1787 0.0007 0.9839
vn -0.4429 -0.0000 0.8966
vn -0.7113 -0.0000 0.7029
vn -0.8969 0.0005 0.4422
vn -0.0000 1.0000 0.0005
vn -0.0000 1.0000 0.0006
vn -0.0000 1.0000 -0.0000
vn -0.0000 -1.0000 0.0005
vn -0.0000 -1.0000 0.0006
vn -0.0000 -1.0000 -0.0000
vn -0.8989 0.0005 -0.4382
vn -0.9909 0.0004 -0.1344
vn -0.9909 0.0003 -0.1343
vn -0.9887 -0.0000 0.1501
vn -0.8970 0.0005 0.4421
vn 0.9765 -0.0000 0.2156
vn 0.8082 0.0005 0.5888
vn 0.8930 -0.0000 -0.4501
vn 0.8083 0.0004 0.5888
vn 0.6447 0.0004 0.7644
vn 0.3145 -0.0000 -0.9493
vn 0.6445 -0.0000 0.7646
vn 0.3147 0.0008 -0.9492
vn 0.6739 -0.0000 0.7388
vn -0.3145 -0.0000 -0.9493
vn 0.8657 0.0003 0.5005
vn -0.8936 0.0003 -0.4488
vn 0.8656 0.0005 0.5007
vn -0.8936 0.0005 -0.4488
vn 0.9998 0.0003 -0.0220
vn -0.8999 0.0003 0.4362
vn 0.9998 0.0005 -0.0220
vn -0.8999 -0.0000 0.4361
vn 0.7571 -0.0000 -0.6533
vn -0.3280 -0.0000 0.9447
vn 0.7571 -0.0000 -0.6532
vn 0.2191 0.0003 -0.9757
vn -0.4065 -0.0000 -0.9137
vn -0.4064 -0.0000 -0.9137
vn -0.8436 -0.0000 -0.5370
vn -0.8435 0.0007 -0.5372
vn -0.8312 -0.0000 -0.5560
vn -0.8312 -0.0000 -0.5559
vn -0.3609 -0.0000 -0.9326
vn 0.3832 0.0003 -0.9237
vn 0.9313 -0.0000 -0.3643
vn 0.9845 0.0004 0.1754
vn 0.8755 0.0005 0.4832
vn 0.8755 -0.0000 0.4832
vn 0.6603 -0.0000 0.7510
vn 0.4249 0.0004 0.9052
vn 0.4250 0.0005 0.9052
vn 0.2071 0.0005 0.9783
vn 0.2070 0.0004 0.9783
vn -0.0019 0.0005 1.0000
vn -0.0019 0.0006 1.0000
vn -0.2608 0.0006 0.9654
vn -0.2606 0.0003 0.9654
vn -0.5788 -0.0000 0.8155
vn -0.8867 -0.0000 0.4624
vn -0.9995 -0.0000 -0.0323
vn -0.9018 0.0003 -0.4322
vn -0.7282 -0.0000 -0.6853
vn -0.7281 0.0004 -0.6855
vn -0.6319 0.0005 -0.7750
vn -0.6319 0.0003 -0.7750
vt 0.921038 0.000000
vt 0.111095 0.000000
vt 0.199601 0.000000
vt 0.785283 0.000000
vt 0.000000 0.000000
vt 0.078500 0.000000
vt 0.974101 0.000000
vt 0.955917 0.000000
vt 0.917157 0.000000
vt 0.860339 0.000000
vt 0.816017 0.000000
vt 0.838611 0.000000
vt 0.823920 0.000000
vt 0.809683 0.000000
vt 0.225330 0.000000
vt 0.641872 0.000000
vt 0.686442 0.000000
vt 0.662663 0.000000
vt 0.621307 0.000000
vt 0.709431 0.000000
vt 0.598560 0.000000
vt 0.735060 0.000000
vt 0.569169 0.000000
vt 0.289475 0.000000
vt 0.324025 0.000000
vt 0.543929 0.000000
vt 0.766331 0.000000
vt 0.363348 0.000000
vt 0.270725 0.000000
vt 0.517331 0.000000
vt 0.238928 0.000000
vt 0.409291 0.000000
vt 0.437633 0.000000
vt 0.484644 0.000000
vt 0.212956 0.000000
vt 0.792878 0.000000
vt 0.184269 0.000000
vt 0.822216 0.000000
vt 0.136551 0.000000
vt 0.863486 0.000000
vt 0.120954 0.000000
vt 0.877604 0.000000
vt 0.911127 0.000000
vt 0.955028 0.000000
vt 0.093320 0.000000
vt 0.044972 0.000000
vt 0.011553 0.000000
vt 0.988447 0.000000
vt 0.909464 0.000000
vt 0.781751 0.000000
s 1
f 1/1/1 2/1/1 3/2/2
f 1/1/1 3/2/2 4/2/2
f 4/2/2 3/2/2 5/3/3
f 4/2/2 5/3/3 6/3/3
f 6/3/3 5/3/3 7/4/4
f 6/3/3 7/4/4 8/4/4
f 9/5/5 10/5/6 11/6/1
f 9/5/5 11/6/1 12/6/1
f 10/5/6 9/5/5 13/5/7
f 13/5/7 14/5/8 10/5/6
f 14/5/8 13/5/7 15/5/9
f 15/5/9 16/5/10 14/5/8
f 16/5/10 15/5/9 17/5/11
f 17/5/11 18/5/11 16/5/10
f 18/5/11 17/5/11 19/5/12
f 19/5/12 17/5/11 20/5/12
f 19/5/12 20/5/12 21/5/13
f 21/5/13 20/5/12 22/5/14
f 21/5/13 22/5/14 23/5/15
f 23/5/15 22/5/14 24/5/16
f 24/5/16 25/6/17 23/5/15
f 25/6/17 24/5/16 26/6/17
f 27/7/18 28/7/19 29/8/20
f 30/9/21 28/7/19 27/7/18
f 27/7/18 29/8/20 31/8/20
f 28/7/19 30/9/21 32/9/21
f 29/8/20 33/10/22 31/8/20
f 34/11/23 32/9/21 30/9/21
f 31/8/20 33/10/22 35/10/22
f 32/9/21 34/11/23 36/11/23
f 35/10/22 33/10/22 37/12/24
f 36/11/23 34/11/23 38/9/25
f 35/10/22 37/12/24 39/12/26
f 38/9/25 34/11/23 40/9/27
f 41/13/28 39/12/26 37/12/24
f 38/9/25 40/9/27 42/7/29
f 39/12/26 41/13/28 43/13/30
f 42/7/29 40/9/27 44/7/29
f 43/13/30 41/13/28 45/14/11
f 42/7/29 44/7/29 46/8/31
f 45/14/11 47/14/11 43/13/30
f 48/8/31 46/8/31 44/7/29
f 45/14/11 49/13/32 47/14/11
f 46/8/31 48/8/31 50/10/33
f 49/13/32 45/14/11 51/13/34
f 48/8/31 52/10/35 50/10/33
f 49/13/32 51/13/34 53/12/36
f 50/10/33 52/10/35 54/12/37
f 54/12/37 53/12/36 51/13/34
f 53/12/36 54/12/37 52/10/35
f 55/15/38 56/15/38 57/5/39
f 55/15/38 57/5/39 58/5/40
f 59/5/41 58/5/40 57/5/39
f 58/5/40 59/5/41 60/5/42
f 61/5/43 60/5/42 59/5/41
f 60/5/42 61/5/43 62/5/43
f 63/5/23 62/5/43 61/5/43
f 62/5/43 63/5/23 64/5/23
f 64/5/23 63/5/23 65/5/44
f 65/5/44 63/5/23 66/5/45
f 65/5/44 66/5/45 67/5/46
f 67/5/46 66/5/45 68/5/46
f 67/5/46 68/5/46 69/5/47
f 69/5/47 68/5/46 70/5/47
f 70/5/47 71/15/48 69/5/47
f 71/15/48 70/5/47 72/15/48
f 73/16/49 74/17/49 75/18/50
f 76/19/49 74/17/49 73/16/49
f 76/19/49 77/20/49 74/17/49
f 78/21/49 77/20/49 76/19/49
f 78/21/49 79/22/49 77/20/49
f 80/23/49 79/22/49 78/21/49
f 80/23/49 81/24/49 79/22/49
f 80/23/49 82/25/49 81/24/49
f 83/26/49 82/25/49 80/23/49
f 81/24/49 84/27/51 79/22/49
f 83/26/49 85/28/49 82/25/49
f 86/29/49 84/27/51 81/24/49
f 87/30/49 85/28/49 83/26/49
f 88/31/49 84/27/51 86/29/49
f 87/30/49 89/32/49 85/28/49
f 87/30/49 90/33/49 89/32/49
f 91/34/50 90/33/49 87/30/49
f 92/35/49 84/27/51 88/31/49
f 92/35/49 93/36/49 84/27/51
f 94/37/49 93/36/49 92/35/49
f 94/37/49 95/38/49 93/36/49
f 96/39/49 95/38/49 94/37/49
f 96/39/49 97/40/49 95/38/49
f 98/41/51 97/40/49 96/39/49
f 98/41/51 99/42/49 97/40/49
f 98/41/51 100/43/49 99/42/49
f 98/41/51 101/44/51 100/43/49
f 102/45/49 101/44/51 98/41/51
f 103/46/49 101/44/51 102/45/49
f 104/47/49 101/44/51 103/46/49
f 104/47/49 105/48/49 101/44/51
f 106/16/52 107/18/53 108/17/52
f 109/19/52 106/16/52 108/17/52
f 109/19/52 108/17/52 110/20/52
f 111/21/52 109/19/52 110/20/52
f 111/21/52 110/20/52 112/22/52
f 113/23/52 111/21/52 112/22/52
f 113/23/52 112/22/52 114/24/52
f 113/23/52 114/24/52 115/25/52
f 116/26/52 113/23/52 115/25/52
f 114/24/52 112/22/52 117/27/54
f 116/26/52 115/25/52 118/28/52
f 119/29/52 114/24/52 117/27/54
f 120/30/52 116/26/52 118/28/52
f 121/31/52 119/29/52 117/27/54
f 120/30/52 118/28/52 122/32/52
f 120/30/52 122/32/52 123/33/52
f 124/34/53 120/30/52 123/33/52
f 125/35/52 121/31/52 117/27/54
f 125/35/52 117/27/54 126/36/52
f 127/37/52 125/35/52 126/36/52
f 127/37/52 126/36/52 128/38/52
f 129/39/52 127/37/52 128/38/52
f 129/39/52 128/38/52 130/40/52
f 131/41/54 129/39/52 130/40/52
f 131/41/54 130/40/52 132/42/52
f 131/41/54 132/42/52 133/43/52
f 131/41/54 133/43/52 134/44/54
f 135/45/52 131/41/54 134/44/54
f 136/46/52 135/45/52 134/44/54
f 137/47/52 136/46/52 134/44/54
f 137/47/52 134/44/54 138/48/52
f 139/2/49 140/10/49 141/3/49
f 140/10/49 142/4/49 141/3/49
f 142/4/49 140/10/49 143/12/49
f 144/13/50 142/4/49 143/12/49
f 139/2/49 145/8/49 140/10/49
f 146/1/49 145/8/49 139/2/49
f 145/8/49 146/1/49 147/7/49
f 147/7/49 148/49/49 149/9/49
f 150/50/49 144/13/49 151/14/49
f 152/50/49 151/14/49 153/13/49
f 154/6/49 155/11/49 149/9/49
f 156/6/49 157/9/49 155/11/49
f 158/7/49 157/9/49 159/49/49
f 153/13/49 160/12/49 161/4/49
f 162/10/49 161/4/49 160/12/49
f 161/4/49 162/10/49 163/3/49
f 164/2/49 163/3/49 162/10/49
f 164/2/49 162/10/49 165/8/49
f 166/1/49 165/8/49 158/7/49
f 165/8/49 166/1/49 164/2/49
f 156/6/49 167/5/51 168/5/49
f 167/5/51 169/5/49 168/5/49
f 169/5/49 167/5/51 170/5/49
f 170/5/49 167/5/51 171/5/49
f 172/5/49 171/5/49 167/5/51
f 167/5/51 173/5/49 172/5/49
f 173/5/49 167/5/51 174/5/49
f 174/5/49 167/5/51 154/6/49
f 175/5/51 176/5/49 177/15/49
f 176/5/49 175/5/51 178/5/49
f 178/5/49 175/5/51 179/5/49
f 179/5/49 175/5/51 180/5/49
f 181/5/49 180/5/49 175/5/51
f 175/5/51 182/5/49 181/5/49
f 182/5/49 175/5/51 183/5/49
f 183/5/49 175/5/51 184/15/49
f 185/2/52 186/3/52 187/10/52
f 188/4/52 187/10/52 186/3/52
f 187/10/52 188/4/52 189/12/52
f 190/13/53 189/12/52 188/4/52
f 185/2/52 187/10/52 191/8/52
f 191/8/52 192/1/52 185/2/52
f 192/1/52 191/8/52 193/7/52
f 193/7/52 194/9/52 195/49/52
f 196/50/52 197/14/52 190/13/52
f 198/50/52 199/13/52 197/14/52
f 200/6/52 194/9/52 201/11/52
f 202/6/52 201/11/52 203/9/52
f 204/7/52 205/49/52 203/9/52
f 199/13/52 206/4/52 207/12/52
f 206/4/52 208/10/52 207/12/52
f 208/10/52 206/4/52 209/3/52
f 210/2/52 208/10/52 209/3/52
f 210/2/52 211/8/52 208/10/52
f 211/8/52 212/1/52 204/7/52
f 212/1/52 211/8/52 210/2/52
f 213/5/52 214/5/54 202/6/52
f 215/5/52 214/5/54 213/5/52
f 214/5/54 215/5/52 216/5/52
f 216/5/52 217/5/52 214/5/54
f 218/5/52 214/5/54 217/5/52
f 219/5/52 214/5/54 218/5/52
f 214/5/54 219/5/52 220/5/52
f 200/6/52 214/5/54 220/5/52
f 221/5/54 222/5/52 223/5/52
f 222/5/52 221/5/54 224/5/52
f 224/5/52 221/5/54 225/15/52
f 223/5/52 226/5/52 221/5/54
f 227/5/52 221/5/54 226/5/52
f 228/5/52 221/5/54 227/5/52
f 229/5/52 221/5/54 228/5/52
f 221/5/54 229/5/52 230/15/52
f 231/1/55 232/2/56 233/1/55
f 232/2/56 231/1/55 234/2/57
f 234/2/57 235/3/58 232/2/56
f 235/3/58 234/2/57 236/3/58
f 236/3/58 237/4/59 235/3/58
f 237/4/59 236/3/58 238/4/59
f 239/45/60 240/45/60 241/41/61
f 242/46/62 240/45/60 239/45/60
f 239/45/60 241/41/61 243/41/63
f 242/46/62 244/46/62 240/45/60
f 245/39/64 243/41/63 241/41/61
f 244/46/62 242/46/62 246/47/65
f 243/41/63 245/39/64 247/39/66
f 246/47/65 248/47/67 244/46/62
f 249/37/68 247/39/66 245/39/64
f 246/47/65 250/48/69 248/47/67
f 247/39/66 249/37/68 251/37/68
f 252/48/69 248/47/67 250/48/69
f 251/37/68 249/37/68 253/35/70
f 252/48/69 250/48/69 254/44/71
f 251/37/68 253/35/70 255/35/72
f 254/44/71 256/44/73 252/48/69
f 255/35/72 253/35/70 257/31/74
f 258/43/75 256/44/73 254/44/71
f 255/35/72 257/31/74 259/31/76
f 256/44/73 258/43/75 260/43/77
f 259/31/76 257/31/74 261/29/78
f 262/42/79 260/43/77 258/43/75
f 259/31/76 261/29/78 263/29/80
f 260/43/77 262/42/79 264/42/79
f 265/40/23 264/42/79 262/42/79
f 264/42/79 265/40/23 266/40/23
f 263/29/80 261/29/78 267/24/81
f 267/24/81 268/24/81 263/29/80
f 268/24/81 267/24/81 269/25/82
f 269/25/82 270/25/83 268/24/81
f 270/25/83 269/25/82 271/28/84
f 271/28/84 272/28/85 270/25/83
f 273/32/86 272/28/85 271/28/84
f 272/28/85 273/32/86 274/32/87
f 274/32/87 273/32/86 275/33/88
f 275/33/88 276/33/88 274/32/87
f 275/33/88 277/34/89 276/33/88
f 277/34/89 278/34/89 276/33/88
f 278/34/89 277/34/89 279/30/90
f 278/34/89 279/30/90 280/30/90
f 280/30/90 279/30/90 281/26/91
f 280/30/90 281/26/91 282/26/91
f 282/26/91 281/26/91 283/23/92
f 282/26/91 283/23/92 284/23/93
f 284/23/93 283/23/92 285/21/94
f 284/23/93 285/21/94 286/21/94
f 287/19/95 286/21/94 285/21/94
f 286/21/94 287/19/95 288/19/96
f 289/16/97 288/19/96 287/19/95
f 288/19/96 289/16/97 290/16/98
f 291/18/99 290/16/98 289/16/97
f 290/16/98 291/18/99 292/18/100
f 293/17/101 292/18/100 291/18/99
f 292/18/100 293/17/101 294/17/102
f 295/20/103 294/17/102 293/17/101
f 294/17/102 295/20/103 296/20/103
f 297/22/104 296/20/103 295/20/103
f 296/20/103 297/22/104 298/22/104
f 299/27/105 298/22/104 297/22/104
f 300/27/105 298/22/104 299/27/105
f 301/36/106 300/27/105 299/27/105
f 300/27/105 301/36/106 302/36/106
f 303/38/107 302/36/106 301/36/106
f 303/38/107 304/38/108 302/36/106
f 303/38/107 305/40/109 304/38/108
f 305/40/109 306/40/110 304/38/108
o 文本
v 0.104761 -0.369533 -0.810543
v 0.104761 -0.369533 -0.763054
v 0.268851 -0.373603 -0.763054
v 0.268851 -0.373603 -0.801018
v 0.265335 -0.373516 -0.804261
v 0.261916 -0.373431 -0.807548
v 0.258595 -0.373349 -0.810880
v 0.255373 -0.373269 -0.814255
v 0.252247 -0.373192 -0.817675
v 0.249219 -0.373116 -0.821138
v 0.246290 -0.373044 -0.824646
v 0.243458 -0.372974 -0.828198
v 0.240723 -0.372906 -0.831795
v 0.238087 -0.372840 -0.835434
v 0.235548 -0.372777 -0.839118
v 0.233107 -0.372717 -0.842847
v 0.230259 -0.372646 -0.847446
v 0.227514 -0.372578 -0.852131
v 0.224870 -0.372512 -0.856902
v 0.222328 -0.372449 -0.861760
v 0.219887 -0.372389 -0.866703
v 0.217547 -0.372331 -0.871733
v 0.215309 -0.372275 -0.876850
v 0.213173 -0.372222 -0.882053
v 0.211138 -0.372172 -0.887342
v 0.209205 -0.372124 -0.892717
v 0.207373 -0.372078 -0.898179
v 0.205643 -0.372035 -0.903727
v 0.204347 -0.372003 -0.908141
v 0.203122 -0.371973 -0.912688
v 0.201969 -0.371944 -0.917368
v 0.200890 -0.371918 -0.922179
v 0.199884 -0.371893 -0.927123
v 0.198950 -0.371869 -0.932199
v 0.198089 -0.371848 -0.937408
v 0.197302 -0.371829 -0.942748
v 0.196587 -0.371811 -0.948222
v 0.195945 -0.371795 -0.953827
v 0.195375 -0.371781 -0.959565
v 0.194879 -0.371768 -0.965434
v 0.138849 -0.370378 -0.965434
v 0.140005 -0.370407 -0.957286
v 0.141268 -0.370438 -0.949359
v 0.142635 -0.370472 -0.941655
v 0.144108 -0.370509 -0.934174
v 0.145687 -0.370548 -0.926915
v 0.147371 -0.370590 -0.919878
v 0.149160 -0.370634 -0.913064
v 0.151055 -0.370681 -0.906472
v 0.153055 -0.370731 -0.900103
v 0.155160 -0.370783 -0.893956
v 0.157371 -0.370838 -0.888031
v 0.159687 -0.370895 -0.882329
v 0.162171 -0.370957 -0.876705
v 0.164885 -0.371024 -0.871017
v 0.167830 -0.371097 -0.865262
v 0.171004 -0.371176 -0.859443
v 0.174408 -0.371261 -0.853559
v 0.178043 -0.371351 -0.847609
v 0.181907 -0.371447 -0.841595
v 0.186001 -0.371548 -0.835515
v 0.190325 -0.371655 -0.829370
v 0.194879 -0.371768 -0.823159
v 0.199664 -0.371887 -0.816884
v 0.204678 -0.372012 -0.810543
v 0.063911 -0.368519 -0.781553
v 0.065421 -0.368557 -0.783386
v 0.066870 -0.368593 -0.785296
v 0.068258 -0.368627 -0.787283
v 0.069584 -0.368660 -0.789345
v 0.070849 -0.368692 -0.791485
v 0.072054 -0.368721 -0.793701
v 0.073196 -0.368750 -0.795994
v 0.074277 -0.368777 -0.798365
v 0.075297 -0.368802 -0.800811
v 0.076255 -0.368826 -0.803334
v 0.077152 -0.368848 -0.805934
v 0.077988 -0.368869 -0.808610
v 0.022095 -0.367482 -0.815513
v 0.021706 -0.367472 -0.813605
v 0.021277 -0.367462 -0.811794
v 0.020805 -0.367450 -0.810078
v 0.020293 -0.367437 -0.808457
v 0.019740 -0.367424 -0.806933
v 0.019145 -0.367409 -0.805504
v 0.018509 -0.367393 -0.804172
v 0.017832 -0.367376 -0.802936
v 0.017114 -0.367359 -0.801795
v 0.016354 -0.367340 -0.800750
v 0.015554 -0.367320 -0.799800
v 0.014711 -0.367299 -0.798947
v 0.013833 -0.367277 -0.798176
v 0.012920 -0.367255 -0.797471
v 0.011973 -0.367231 -0.796834
v 0.010993 -0.367207 -0.796263
v 0.009980 -0.367182 -0.795760
v 0.008933 -0.367156 -0.795323
v 0.007852 -0.367129 -0.794954
v 0.006738 -0.367101 -0.794652
v 0.005591 -0.367073 -0.794418
v 0.004409 -0.367043 -0.794249
v 0.003194 -0.367013 -0.794149
v 0.001946 -0.366982 -0.794115
v -0.000289 -0.366927 -0.794212
v -0.002439 -0.366874 -0.794499
v -0.004506 -0.366822 -0.794978
v -0.006488 -0.366773 -0.795649
v -0.008385 -0.366726 -0.796513
v -0.010198 -0.366681 -0.797567
v -0.011927 -0.366638 -0.798813
v -0.013572 -0.366597 -0.800251
v -0.015132 -0.366559 -0.801881
v -0.016608 -0.366522 -0.803702
v -0.018000 -0.366488 -0.805716
v -0.019307 -0.366455 -0.807920
v -0.020207 -0.366433 -0.809734
v -0.021067 -0.366411 -0.811862
v -0.021886 -0.366391 -0.814306
v -0.022665 -0.366372 -0.817063
v -0.023404 -0.366353 -0.820134
v -0.024103 -0.366336 -0.823520
v -0.024761 -0.366320 -0.827220
v -0.025379 -0.366304 -0.831235
v -0.025957 -0.366290 -0.835565
v -0.026495 -0.366277 -0.840208
v -0.026992 -0.366264 -0.845167
v -0.027449 -0.366253 -0.850439
v -0.025767 -0.366295 -0.848774
v -0.024076 -0.366337 -0.847182
v -0.022378 -0.366379 -0.845664
v -0.020672 -0.366421 -0.844220
v -0.018958 -0.366464 -0.842850
v -0.017237 -0.366506 -0.841553
v -0.015508 -0.366549 -0.840330
v -0.013771 -0.366592 -0.839181
v -0.012027 -0.366636 -0.838106
v -0.010275 -0.366679 -0.837104
v -0.008516 -0.366723 -0.836177
v -0.006748 -0.366767 -0.835323
v -0.004954 -0.366811 -0.834541
v -0.003114 -0.366857 -0.833826
v -0.001228 -0.366904 -0.833179
v 0.000703 -0.366951 -0.832601
v 0.002682 -0.367001 -0.832090
v 0.004706 -0.367051 -0.831648
v 0.006776 -0.367102 -0.831273
v 0.008892 -0.367155 -0.830967
v 0.011054 -0.367208 -0.830728
v 0.013262 -0.367263 -0.830558
v 0.015517 -0.367319 -0.830456
v 0.017817 -0.367376 -0.830423
v 0.022267 -0.367486 -0.830557
v 0.026601 -0.367594 -0.830960
v 0.030820 -0.367699 -0.831631
v 0.034922 -0.367800 -0.832570
v 0.038908 -0.367899 -0.833778
v 0.042779 -0.367995 -0.835254
v 0.046533 -0.368088 -0.836999
v 0.050172 -0.368179 -0.839012
v 0.053694 -0.368266 -0.841294
v 0.057101 -0.368351 -0.843844
v 0.060392 -0.368432 -0.846662
v 0.063566 -0.368511 -0.849749
v 0.066552 -0.368585 -0.853043
v 0.069280 -0.368653 -0.856479
v 0.071747 -0.368714 -0.860060
v 0.073955 -0.368769 -0.863785
v 0.075902 -0.368817 -0.867652
v 0.077591 -0.368859 -0.871665
v 0.079019 -0.368894 -0.875821
v 0.080188 -0.368923 -0.880120
v 0.081097 -0.368946 -0.884563
v 0.081746 -0.368962 -0.889151
v 0.082136 -0.368972 -0.893882
v 0.082266 -0.368975 -0.898757
v 0.082201 -0.368973 -0.902069
v 0.082003 -0.368968 -0.905334
v 0.081675 -0.368960 -0.908549
v 0.081215 -0.368949 -0.911718
v 0.080624 -0.368934 -0.914838
v 0.079902 -0.368916 -0.917911
v 0.079049 -0.368895 -0.920936
v 0.078064 -0.368871 -0.923913
v 0.076948 -0.368843 -0.926841
v 0.075701 -0.368812 -0.929722
v 0.074322 -0.368778 -0.932555
v 0.072813 -0.368740 -0.935340
v 0.071186 -0.368700 -0.938045
v 0.069458 -0.368657 -0.940637
v 0.067629 -0.368612 -0.943118
v 0.065698 -0.368564 -0.945486
v 0.063665 -0.368513 -0.947743
v 0.061530 -0.368460 -0.949887
v 0.059295 -0.368405 -0.951919
v 0.056957 -0.368347 -0.953838
v 0.054518 -0.368286 -0.955646
v 0.051977 -0.368223 -0.957342
v 0.049335 -0.368158 -0.958924
v 0.046591 -0.368090 -0.960395
v 0.043738 -0.368019 -0.961752
v 0.040766 -0.367945 -0.962990
v 0.037676 -0.367869 -0.964110
v 0.034469 -0.367789 -0.965112
v 0.031144 -0.367707 -0.965997
v 0.027701 -0.367621 -0.966763
v 0.024141 -0.367533 -0.967412
v 0.020461 -0.367442 -0.967942
v 0.016665 -0.367347 -0.968355
v 0.012750 -0.367250 -0.968650
v 0.008719 -0.367150 -0.968827
v 0.004569 -0.367047 -0.968885
v -0.000409 -0.366924 -0.968814
v -0.005219 -0.366805 -0.968599
v -0.009863 -0.366689 -0.968239
v -0.014339 -0.366578 -0.967735
v -0.018648 -0.366471 -0.967088
v -0.022792 -0.366369 -0.966298
v -0.026768 -0.366270 -0.965363
v -0.030577 -0.366175 -0.964284
v -0.034220 -0.366085 -0.963062
v -0.037697 -0.365999 -0.961696
v -0.041006 -0.365917 -0.960186
v -0.044148 -0.365839 -0.958532
v -0.047156 -0.365764 -0.956721
v -0.050061 -0.365692 -0.954738
v -0.052864 -0.365623 -0.952583
v -0.055564 -0.365556 -0.950256
v -0.058163 -0.365491 -0.947759
v -0.060658 -0.365429 -0.945089
v -0.063050 -0.365370 -0.942248
v -0.065340 -0.365313 -0.939236
v -0.067527 -0.365259 -0.936052
v -0.069613 -0.365207 -0.932696
v -0.071595 -0.365158 -0.929168
v -0.073475 -0.365111 -0.925470
v -0.075227 -0.365068 -0.921583
v -0.076827 -0.365028 -0.917491
v -0.078274 -0.364992 -0.913196
v -0.079570 -0.364960 -0.908696
v -0.080713 -0.364932 -0.903992
v -0.081703 -0.364907 -0.899085
v -0.082541 -0.364886 -0.893973
v -0.083227 -0.364869 -0.888656
v -0.083760 -0.364856 -0.883135
v -0.084142 -0.364847 -0.877411
v -0.084370 -0.364841 -0.871482
v -0.084446 -0.364839 -0.865349
v -0.084286 -0.364843 -0.856418
v -0.083806 -0.364855 -0.847895
v -0.083006 -0.364875 -0.839780
v -0.081885 -0.364903 -0.832071
v -0.080445 -0.364938 -0.824770
v -0.078684 -0.364982 -0.817877
v -0.076604 -0.365034 -0.811391
v -0.074203 -0.365093 -0.805313
v -0.071482 -0.365161 -0.799642
v -0.068441 -0.365236 -0.794378
v -0.065080 -0.365320 -0.789522
v -0.061399 -0.365411 -0.785074
v -0.057434 -0.365509 -0.781006
v -0.053222 -0.365614 -0.777290
v -0.048763 -0.365724 -0.773930
v -0.044056 -0.365841 -0.770923
v -0.039102 -0.365964 -0.768270
v -0.033901 -0.366093 -0.765971
v -0.028453 -0.366228 -0.764025
v -0.022757 -0.366369 -0.762433
v -0.016815 -0.366517 -0.761195
v -0.010624 -0.366670 -0.760311
v -0.004187 -0.366830 -0.759780
v 0.002498 -0.366996 -0.759603
v 0.006453 -0.367094 -0.759643
v 0.010266 -0.367189 -0.759759
v 0.013940 -0.367280 -0.759953
v 0.017472 -0.367367 -0.760224
v 0.020863 -0.367452 -0.760574
v 0.024114 -0.367532 -0.761001
v 0.027223 -0.367609 -0.761506
v 0.030191 -0.367683 -0.762088
v 0.033019 -0.367753 -0.762748
v 0.035706 -0.367820 -0.763485
v 0.038252 -0.367883 -0.764301
v 0.040657 -0.367943 -0.765194
v 0.042959 -0.368000 -0.766162
v 0.045193 -0.368055 -0.767201
v 0.047363 -0.368109 -0.768313
v 0.049466 -0.368161 -0.769497
v 0.051504 -0.368212 -0.770752
v 0.053474 -0.368261 -0.772080
v 0.055379 -0.368308 -0.773478
v 0.057218 -0.368353 -0.774949
v 0.058990 -0.368397 -0.776492
v 0.060696 -0.368440 -0.778108
v 0.062337 -0.368480 -0.779794
v -0.017582 -0.366498 -0.873908
v -0.018849 -0.366466 -0.875409
v -0.020007 -0.366438 -0.877014
v -0.021054 -0.366412 -0.878723
v -0.021990 -0.366388 -0.880535
v -0.022817 -0.366368 -0.882450
v -0.023534 -0.366350 -0.884469
v -0.024140 -0.366335 -0.886591
v -0.024636 -0.366323 -0.888817
v -0.025021 -0.366313 -0.891147
v -0.025297 -0.366306 -0.893580
v -0.025462 -0.366302 -0.896116
v -0.025518 -0.366301 -0.898757
v -0.025460 -0.366302 -0.901445
v -0.025288 -0.366307 -0.904035
v -0.025000 -0.366314 -0.906526
v -0.024597 -0.366324 -0.908919
v -0.024080 -0.366337 -0.911213
v -0.023447 -0.366352 -0.913407
v -0.022700 -0.366371 -0.915503
v -0.021837 -0.366392 -0.917501
v -0.020860 -0.366417 -0.919400
v -0.019767 -0.366444 -0.921200
v -0.018560 -0.366474 -0.922901
v -0.017237 -0.366506 -0.924503
v -0.015831 -0.366541 -0.925991
v -0.014374 -0.366577 -0.927350
v -0.012864 -0.366615 -0.928580
v -0.011303 -0.366654 -0.929680
v -0.009690 -0.366694 -0.930650
v -0.008025 -0.366735 -0.931491
v -0.006309 -0.366778 -0.932204
v -0.004540 -0.366821 -0.932786
v -0.002720 -0.366867 -0.933239
v -0.000849 -0.366913 -0.933562
v 0.001075 -0.366961 -0.933756
v 0.003050 -0.367010 -0.933821
v 0.004865 -0.367055 -0.933763
v 0.006631 -0.367099 -0.933587
v 0.008346 -0.367141 -0.933295
v 0.010011 -0.367182 -0.932886
v 0.011628 -0.367222 -0.932359
v 0.013194 -0.367261 -0.931716
v 0.014709 -0.367299 -0.930955
v 0.016176 -0.367335 -0.930079
v 0.017592 -0.367370 -0.929084
v 0.018959 -0.367404 -0.927973
v 0.020276 -0.367437 -0.926745
v 0.021543 -0.367468 -0.925400
v 0.022733 -0.367498 -0.923940
v 0.023820 -0.367525 -0.922363
v 0.024803 -0.367549 -0.920672
v 0.025683 -0.367571 -0.918866
v 0.026459 -0.367590 -0.916945
v 0.027133 -0.367607 -0.914909
v 0.027701 -0.367621 -0.912758
v 0.028167 -0.367633 -0.910491
v 0.028529 -0.367642 -0.908109
v 0.028788 -0.367648 -0.905614
v 0.028944 -0.367652 -0.903002
v 0.028995 -0.367653 -0.900276
v 0.028941 -0.367652 -0.897479
v 0.028781 -0.367648 -0.894796
v 0.028512 -0.367641 -0.892225
v 0.028137 -0.367632 -0.889768
v 0.027654 -0.367620 -0.887424
v 0.027063 -0.367605 -0.885193
v 0.026366 -0.367588 -0.883076
v 0.025561 -0.367568 -0.881071
v 0.024648 -0.367545 -0.879180
v 0.023628 -0.367520 -0.877401
v 0.022501 -0.367492 -0.875736
v 0.021267 -0.367462 -0.874184
v 0.019953 -0.367429 -0.872751
v 0.018587 -0.367395 -0.871442
v 0.017170 -0.367360 -0.870258
v 0.015701 -0.367324 -0.869199
v 0.014180 -0.367286 -0.868264
v 0.012607 -0.367247 -0.867454
v 0.010983 -0.367206 -0.866768
v 0.009306 -0.367165 -0.866208
v 0.007578 -0.367122 -0.865772
v 0.005798 -0.367078 -0.865460
v 0.003967 -0.367032 -0.865274
v 0.002084 -0.366986 -0.865211
v 0.000156 -0.366938 -0.865271
v -0.001721 -0.366891 -0.865452
v -0.003544 -0.366846 -0.865755
v -0.005315 -0.366802 -0.866177
v -0.007033 -0.366760 -0.866721
v -0.008698 -0.366718 -0.867385
v -0.010310 -0.366678 -0.868171
v -0.011870 -0.366640 -0.869076
v -0.013377 -0.366602 -0.870103
v -0.014831 -0.366566 -0.871251
v -0.016233 -0.366531 -0.872519
v -0.274619 -0.360121 -0.882053
v -0.247984 -0.360782 -0.882053
v -0.240808 -0.360960 -0.847126
v -0.274619 -0.360121 -0.847126
v -0.274619 -0.360122 -0.809025
v -0.233217 -0.361149 -0.809025
v -0.223419 -0.361392 -0.759603
v -0.184087 -0.362367 -0.759603
v -0.194162 -0.362117 -0.809025
v -0.163938 -0.362867 -0.809025
v -0.154001 -0.363114 -0.759603
v -0.114808 -0.364086 -0.759603
v -0.124468 -0.363846 -0.809025
v -0.105562 -0.364315 -0.809025
v -0.105562 -0.364315 -0.847126
v -0.132197 -0.363655 -0.847126
v -0.139235 -0.363480 -0.882053
v -0.105562 -0.364315 -0.882053
v -0.105562 -0.364315 -0.920154
v -0.146825 -0.363292 -0.920154
v -0.156624 -0.363049 -0.968748
v -0.195956 -0.362073 -0.968748
v -0.186295 -0.362313 -0.920154
v -0.216380 -0.361566 -0.920154
v -0.226317 -0.361320 -0.968748
v -0.265373 -0.360351 -0.968748
v -0.255299 -0.360601 -0.920154
v -0.274619 -0.360121 -0.920154
v -0.201476 -0.361936 -0.847126
v -0.208790 -0.361755 -0.882053
v -0.178567 -0.362504 -0.882053
v -0.171391 -0.362682 -0.847126
v 0.101837 -0.487405 -0.810543
v 0.101837 -0.487405 -0.763054
v 0.265927 -0.491476 -0.763054
v 0.265927 -0.491476 -0.801018
v 0.262411 -0.491388 -0.804261
v 0.258992 -0.491304 -0.807548
v 0.255671 -0.491221 -0.810880
v 0.252449 -0.491141 -0.814255
v 0.249323 -0.491064 -0.817675
v 0.246295 -0.490989 -0.821138
v 0.243366 -0.490916 -0.824646
v 0.240534 -0.490846 -0.828198
v 0.237799 -0.490778 -0.831795
v 0.235162 -0.490712 -0.835434
v 0.232624 -0.490649 -0.839118
v 0.230183 -0.490589 -0.842847
v 0.227335 -0.490518 -0.847446
v 0.224590 -0.490450 -0.852131
v 0.221946 -0.490385 -0.856902
v 0.219403 -0.490321 -0.861760
v 0.216962 -0.490261 -0.866703
v 0.214623 -0.490203 -0.871733
v 0.212385 -0.490147 -0.876850
v 0.210248 -0.490094 -0.882053
v 0.208214 -0.490044 -0.887342
v 0.206281 -0.489996 -0.892717
v 0.204449 -0.489950 -0.898179
v 0.202719 -0.489908 -0.903727
v 0.201422 -0.489875 -0.908141
v 0.200198 -0.489845 -0.912688
v 0.199045 -0.489816 -0.917368
v 0.197966 -0.489790 -0.922179
v 0.196960 -0.489765 -0.927123
v 0.196026 -0.489742 -0.932199
v 0.195165 -0.489720 -0.937408
v 0.194378 -0.489701 -0.942748
v 0.193663 -0.489683 -0.948222
v 0.193021 -0.489667 -0.953827
v 0.192451 -0.489653 -0.959565
v 0.191955 -0.489641 -0.965434
v 0.135925 -0.488251 -0.965434
v 0.137081 -0.488279 -0.957286
v 0.138344 -0.488311 -0.949359
v 0.139711 -0.488345 -0.941655
v 0.141184 -0.488381 -0.934174
v 0.142763 -0.488420 -0.926915
v 0.144447 -0.488462 -0.919878
v 0.146236 -0.488506 -0.913064
v 0.148131 -0.488553 -0.906472
v 0.150131 -0.488603 -0.900103
v 0.152236 -0.488655 -0.893956
v 0.154447 -0.488710 -0.888031
v 0.156763 -0.488768 -0.882329
v 0.159247 -0.488829 -0.876705
v 0.161961 -0.488896 -0.871017
v 0.164906 -0.488970 -0.865262
v 0.168080 -0.489048 -0.859443
v 0.171484 -0.489133 -0.853559
v 0.175119 -0.489223 -0.847609
v 0.178983 -0.489319 -0.841595
v 0.183076 -0.489420 -0.835515
v 0.187401 -0.489528 -0.829370
v 0.191955 -0.489641 -0.823159
v 0.196740 -0.489759 -0.816884
v 0.201754 -0.489884 -0.810543
v 0.060987 -0.486392 -0.781553
v 0.062497 -0.486429 -0.783386
v 0.063946 -0.486465 -0.785296
v 0.065334 -0.486499 -0.787283
v 0.066660 -0.486532 -0.789345
v 0.067925 -0.486564 -0.791485
v 0.069130 -0.486594 -0.793701
v 0.070272 -0.486622 -0.795994
v 0.071353 -0.486649 -0.798365
v 0.072373 -0.486674 -0.800811
v 0.073331 -0.486698 -0.803334
v 0.074228 -0.486720 -0.805934
v 0.075064 -0.486741 -0.808610
v 0.019171 -0.485354 -0.815513
v 0.018782 -0.485345 -0.813605
v 0.018353 -0.485334 -0.811794
v 0.017881 -0.485322 -0.810078
v 0.017369 -0.485310 -0.808457
v 0.016816 -0.485296 -0.806933
v 0.016221 -0.485281 -0.805504
v 0.015585 -0.485265 -0.804172
v 0.014908 -0.485249 -0.802936
v 0.014189 -0.485231 -0.801795
v 0.013430 -0.485212 -0.800750
v 0.012630 -0.485192 -0.799800
v 0.011787 -0.485171 -0.798947
v 0.010908 -0.485149 -0.798176
v 0.009995 -0.485127 -0.797471
v 0.009049 -0.485103 -0.796834
v 0.008069 -0.485079 -0.796263
v 0.007055 -0.485054 -0.795760
v 0.006008 -0.485028 -0.795323
v 0.004928 -0.485001 -0.794954
v 0.003814 -0.484973 -0.794652
v 0.002667 -0.484945 -0.794418
v 0.001485 -0.484916 -0.794249
v 0.000270 -0.484885 -0.794149
v -0.000978 -0.484854 -0.794115
v -0.003213 -0.484799 -0.794212
v -0.005363 -0.484746 -0.794499
v -0.007430 -0.484694 -0.794978
v -0.009412 -0.484645 -0.795649
v -0.011309 -0.484598 -0.796513
v -0.013123 -0.484553 -0.797567
v -0.014851 -0.484510 -0.798813
v -0.016496 -0.484469 -0.800251
v -0.018056 -0.484431 -0.801881
v -0.019532 -0.484394 -0.803702
v -0.020924 -0.484360 -0.805716
v -0.022231 -0.484327 -0.807920
v -0.023131 -0.484305 -0.809734
v -0.023991 -0.484284 -0.811862
v -0.024810 -0.484263 -0.814306
v -0.025589 -0.484244 -0.817063
v -0.026328 -0.484226 -0.820134
v -0.027027 -0.484208 -0.823520
v -0.027685 -0.484192 -0.827220
v -0.028304 -0.484177 -0.831235
v -0.028882 -0.484162 -0.835565
v -0.029419 -0.484149 -0.840208
v -0.029917 -0.484137 -0.845167
v -0.030373 -0.484125 -0.850439
v -0.028691 -0.484167 -0.848774
v -0.027000 -0.484209 -0.847182
v -0.025302 -0.484251 -0.845664
v -0.023596 -0.484293 -0.844220
v -0.021882 -0.484336 -0.842850
v -0.020161 -0.484379 -0.841553
v -0.018432 -0.484421 -0.840330
v -0.016696 -0.484465 -0.839181
v -0.014951 -0.484508 -0.838106
v -0.013199 -0.484551 -0.837104
v -0.011440 -0.484595 -0.836177
v -0.009672 -0.484639 -0.835323
v -0.007878 -0.484683 -0.834541
v -0.006038 -0.484729 -0.833826
v -0.004152 -0.484776 -0.833179
v -0.002221 -0.484824 -0.832601
v -0.000242 -0.484873 -0.832090
v 0.001782 -0.484923 -0.831648
v 0.003852 -0.484974 -0.831273
v 0.005968 -0.485027 -0.830967
v 0.008130 -0.485080 -0.830728
v 0.010338 -0.485135 -0.830558
v 0.012593 -0.485191 -0.830456
v 0.014893 -0.485248 -0.830423
v 0.019343 -0.485359 -0.830557
v 0.023677 -0.485466 -0.830960
v 0.027896 -0.485571 -0.831631
v 0.031998 -0.485672 -0.832570
v 0.035984 -0.485771 -0.833778
v 0.039855 -0.485867 -0.835254
v 0.043609 -0.485961 -0.836999
v 0.047247 -0.486051 -0.839012
v 0.050770 -0.486138 -0.841294
v 0.054177 -0.486223 -0.843844
v 0.057467 -0.486304 -0.846662
v 0.060642 -0.486383 -0.849749
v 0.063628 -0.486457 -0.853043
v 0.066356 -0.486525 -0.856479
v 0.068823 -0.486586 -0.860060
v 0.071031 -0.486641 -0.863785
v 0.072978 -0.486689 -0.867652
v 0.074667 -0.486731 -0.871665
v 0.076095 -0.486766 -0.875821
v 0.077264 -0.486795 -0.880120
v 0.078173 -0.486818 -0.884563
v 0.078822 -0.486834 -0.889151
v 0.079212 -0.486844 -0.893882
v 0.079342 -0.486847 -0.898757
v 0.079276 -0.486845 -0.902069
v 0.079079 -0.486840 -0.905334
v 0.078751 -0.486832 -0.908549
v 0.078291 -0.486821 -0.911718
v 0.077700 -0.486806 -0.914838
v 0.076978 -0.486788 -0.917911
v 0.076125 -0.486767 -0.920936
v 0.075140 -0.486743 -0.923913
v 0.074024 -0.486715 -0.926841
v 0.072777 -0.486684 -0.929722
v 0.071398 -0.486650 -0.932555
v 0.069889 -0.486612 -0.935340
v 0.068262 -0.486572 -0.938045
v 0.066534 -0.486529 -0.940637
v 0.064704 -0.486484 -0.943118
v 0.062774 -0.486436 -0.945486
v 0.060741 -0.486386 -0.947743
v 0.058606 -0.486333 -0.949887
v 0.056371 -0.486277 -0.951919
v 0.054033 -0.486219 -0.953838
v 0.051593 -0.486159 -0.955646
v 0.049053 -0.486096 -0.957342
v 0.046411 -0.486030 -0.958924
v 0.043667 -0.485962 -0.960395
v 0.040813 -0.485891 -0.961752
v 0.037842 -0.485817 -0.962990
v 0.034752 -0.485741 -0.964110
v 0.031545 -0.485661 -0.965112
v 0.028220 -0.485579 -0.965997
v 0.024777 -0.485493 -0.966763
v 0.021217 -0.485405 -0.967412
v 0.017537 -0.485314 -0.967942
v 0.013741 -0.485220 -0.968355
v 0.009826 -0.485122 -0.968650
v 0.005795 -0.485022 -0.968827
v 0.001644 -0.484919 -0.968885
v -0.003333 -0.484796 -0.968814
v -0.008143 -0.484677 -0.968599
v -0.012787 -0.484562 -0.968239
v -0.017263 -0.484450 -0.967735
v -0.021572 -0.484344 -0.967088
v -0.025716 -0.484241 -0.966298
v -0.029692 -0.484142 -0.965363
v -0.033502 -0.484048 -0.964284
v -0.037144 -0.483957 -0.963062
v -0.040621 -0.483871 -0.961696
v -0.043930 -0.483789 -0.960186
v -0.047072 -0.483711 -0.958532
v -0.050080 -0.483636 -0.956721
v -0.052986 -0.483564 -0.954738
v -0.055788 -0.483495 -0.952583
v -0.058488 -0.483428 -0.950256
v -0.061087 -0.483363 -0.947759
v -0.063582 -0.483301 -0.945089
v -0.065974 -0.483242 -0.942248
v -0.068264 -0.483185 -0.939236
v -0.070451 -0.483131 -0.936052
v -0.072537 -0.483079 -0.932696
v -0.074519 -0.483030 -0.929168
v -0.076399 -0.482983 -0.925470
v -0.078151 -0.482940 -0.921583
v -0.079751 -0.482900 -0.917491
v -0.081199 -0.482864 -0.913196
v -0.082494 -0.482832 -0.908696
v -0.083637 -0.482804 -0.903992
v -0.084627 -0.482779 -0.899085
v -0.085466 -0.482759 -0.893973
v -0.086151 -0.482742 -0.888656
v -0.086684 -0.482728 -0.883135
v -0.087066 -0.482719 -0.877411
v -0.087294 -0.482713 -0.871482
v -0.087371 -0.482711 -0.865349
v -0.087210 -0.482715 -0.856418
v -0.086730 -0.482727 -0.847895
v -0.085930 -0.482747 -0.839780
v -0.084809 -0.482775 -0.832071
v -0.083369 -0.482811 -0.824770
v -0.081608 -0.482854 -0.817877
v -0.079528 -0.482906 -0.811391
v -0.077127 -0.482965 -0.805313
v -0.074406 -0.483033 -0.799642
v -0.071365 -0.483108 -0.794378
v -0.068004 -0.483192 -0.789522
v -0.064323 -0.483283 -0.785074
v -0.060358 -0.483381 -0.781006
v -0.056146 -0.483486 -0.777290
v -0.051687 -0.483597 -0.773930
v -0.046980 -0.483713 -0.770923
v -0.042026 -0.483836 -0.768270
v -0.036825 -0.483965 -0.765971
v -0.031377 -0.484100 -0.764025
v -0.025681 -0.484242 -0.762433
v -0.019739 -0.484389 -0.761195
v -0.013549 -0.484543 -0.760311
v -0.007111 -0.484702 -0.759780
v -0.000426 -0.484868 -0.759603
v 0.003529 -0.484966 -0.759643
v 0.007342 -0.485061 -0.759759
v 0.011016 -0.485152 -0.759953
v 0.014548 -0.485240 -0.760224
v 0.017939 -0.485324 -0.760574
v 0.021189 -0.485404 -0.761001
v 0.024299 -0.485482 -0.761506
v 0.027267 -0.485555 -0.762088
v 0.030095 -0.485625 -0.762748
v 0.032782 -0.485692 -0.763485
v 0.035328 -0.485755 -0.764301
v 0.037733 -0.485815 -0.765194
v 0.040034 -0.485872 -0.766162
v 0.042269 -0.485927 -0.767201
v 0.044439 -0.485981 -0.768313
v 0.046542 -0.486033 -0.769497
v 0.048580 -0.486084 -0.770752
v 0.050550 -0.486133 -0.772080
v 0.052455 -0.486180 -0.773478
v 0.054294 -0.486226 -0.774949
v 0.056066 -0.486270 -0.776492
v 0.057772 -0.486312 -0.778108
v 0.059413 -0.486353 -0.779794
v -0.020506 -0.484370 -0.873908
v -0.021773 -0.484339 -0.875409
v -0.022931 -0.484310 -0.877014
v -0.023978 -0.484284 -0.878723
v -0.024914 -0.484261 -0.880535
v -0.025741 -0.484240 -0.882450
v -0.026458 -0.484222 -0.884469
v -0.027064 -0.484207 -0.886591
v -0.027560 -0.484195 -0.888817
v -0.027945 -0.484185 -0.891147
v -0.028221 -0.484179 -0.893580
v -0.028386 -0.484175 -0.896116
v -0.028442 -0.484173 -0.898757
v -0.028384 -0.484175 -0.901445
v -0.028212 -0.484179 -0.904035
v -0.027924 -0.484186 -0.906526
v -0.027521 -0.484196 -0.908919
v -0.027004 -0.484209 -0.911213
v -0.026371 -0.484224 -0.913407
v -0.025624 -0.484243 -0.915503
v -0.024761 -0.484264 -0.917501
v -0.023784 -0.484289 -0.919400
v -0.022691 -0.484316 -0.921200
v -0.021484 -0.484346 -0.922901
v -0.020161 -0.484379 -0.924503
v -0.018755 -0.484413 -0.925991
v -0.017298 -0.484450 -0.927350
v -0.015788 -0.484487 -0.928580
v -0.014227 -0.484526 -0.929680
v -0.012614 -0.484566 -0.930650
v -0.010950 -0.484607 -0.931491
v -0.009233 -0.484650 -0.932204
v -0.007464 -0.484694 -0.932786
v -0.005644 -0.484739 -0.933239
v -0.003773 -0.484785 -0.933562
v -0.001850 -0.484833 -0.933756
v 0.000126 -0.484882 -0.933821
v 0.001941 -0.484927 -0.933763
v 0.003707 -0.484971 -0.933587
v 0.005422 -0.485013 -0.933295
v 0.007087 -0.485054 -0.932886
v 0.008704 -0.485095 -0.932359
v 0.010269 -0.485133 -0.931716
v 0.011785 -0.485171 -0.930955
v 0.013252 -0.485207 -0.930079
v 0.014668 -0.485243 -0.929084
v 0.016035 -0.485276 -0.927973
v 0.017352 -0.485309 -0.926745
v 0.018619 -0.485341 -0.925400
v 0.019809 -0.485370 -0.923940
v 0.020896 -0.485397 -0.922363
v 0.021879 -0.485421 -0.920672
v 0.022759 -0.485443 -0.918866
v 0.023535 -0.485463 -0.916945
v 0.024208 -0.485479 -0.914909
v 0.024777 -0.485493 -0.912758
v 0.025243 -0.485505 -0.910491
v 0.025605 -0.485514 -0.908109
v 0.025864 -0.485520 -0.905614
v 0.026020 -0.485524 -0.903002
v 0.026071 -0.485525 -0.900276
v 0.026017 -0.485524 -0.897479
v 0.025857 -0.485520 -0.894796
v 0.025588 -0.485513 -0.892225
v 0.025213 -0.485504 -0.889768
v 0.024730 -0.485492 -0.887424
v 0.024139 -0.485478 -0.885193
v 0.023441 -0.485460 -0.883076
v 0.022637 -0.485440 -0.881071
v 0.021724 -0.485418 -0.879180
v 0.020704 -0.485392 -0.877401
v 0.019577 -0.485364 -0.875736
v 0.018343 -0.485334 -0.874184
v 0.017029 -0.485301 -0.872751
v 0.015663 -0.485267 -0.871442
v 0.014246 -0.485232 -0.870258
v 0.012777 -0.485196 -0.869199
v 0.011255 -0.485158 -0.868264
v 0.009683 -0.485119 -0.867454
v 0.008059 -0.485079 -0.866768
v 0.006382 -0.485037 -0.866208
v 0.004654 -0.484994 -0.865772
v 0.002874 -0.484950 -0.865460
v 0.001043 -0.484905 -0.865274
v -0.000840 -0.484858 -0.865211
v -0.002769 -0.484810 -0.865271
v -0.004645 -0.484763 -0.865452
v -0.006468 -0.484718 -0.865755
v -0.008239 -0.484674 -0.866177
v -0.009957 -0.484632 -0.866721
v -0.011622 -0.484590 -0.867385
v -0.013234 -0.484550 -0.868171
v -0.014794 -0.484512 -0.869076
v -0.016301 -0.484474 -0.870103
v -0.017755 -0.484438 -0.871251
v -0.019157 -0.484403 -0.872519
v -0.277544 -0.477994 -0.882053
v -0.250908 -0.478654 -0.882053
v -0.243732 -0.478832 -0.847126
v -0.277544 -0.477994 -0.847126
v -0.277544 -0.477994 -0.809025
v -0.236141 -0.479021 -0.809025
v -0.226343 -0.479264 -0.759603
v -0.187011 -0.480240 -0.759603
v -0.197086 -0.479990 -0.809025
v -0.166862 -0.480739 -0.809025
v -0.156926 -0.480986 -0.759603
v -0.117732 -0.481958 -0.759603
v -0.127392 -0.481718 -0.809025
v -0.108486 -0.482188 -0.809025
v -0.108486 -0.482188 -0.847126
v -0.135121 -0.481527 -0.847126
v -0.142159 -0.481352 -0.882053
v -0.108486 -0.482188 -0.882053
v -0.108486 -0.482188 -0.920154
v -0.149749 -0.481164 -0.920154
v -0.159548 -0.480921 -0.968748
v -0.198880 -0.479945 -0.968748
v -0.189219 -0.480185 -0.920154
v -0.219305 -0.479438 -0.920154
v -0.229241 -0.479192 -0.968748
v -0.268297 -0.478223 -0.968748
v -0.258223 -0.478473 -0.920154
v -0.277544 -0.477994 -0.920154
v -0.204400 -0.479808 -0.847126
v -0.211714 -0.479627 -0.882053
v -0.181491 -0.480376 -0.882053
v -0.174315 -0.480554 -0.847126
v -0.277544 -0.477994 -0.882053
v -0.274619 -0.360121 -0.882053
v -0.250908 -0.478654 -0.882053
v -0.247984 -0.360782 -0.882053
v -0.243732 -0.478832 -0.847126
v -0.240808 -0.360960 -0.847126
v -0.277544 -0.477994 -0.847126
v -0.274619 -0.360121 -0.847126
v -0.277544 -0.477994 -0.809025
v -0.274619 -0.360122 -0.809025
v -0.236141 -0.479021 -0.809025
v -0.233217 -0.361149 -0.809025
v -0.226343 -0.479264 -0.759603
v -0.223419 -0.361392 -0.759603
v -0.187011 -0.480240 -0.759603
v -0.184087 -0.362367 -0.759603
v -0.197086 -0.479990 -0.809025
v -0.194162 -0.362117 -0.809025
v -0.166862 -0.480739 -0.809025
v -0.163938 -0.362867 -0.809025
v -0.156926 -0.480986 -0.759603
v -0.154001 -0.363114 -0.759603
v -0.117732 -0.481958 -0.759603
v -0.114808 -0.364086 -0.759603
v -0.127392 -0.481718 -0.809025
v -0.124468 -0.363846 -0.809025
v -0.108486 -0.482188 -0.809025
v -0.105562 -0.364315 -0.809025
v -0.108486 -0.482188 -0.847126
v -0.105562 -0.364315 -0.847126
v -0.135121 -0.481527 -0.847126
v -0.132197 -0.363655 -0.847126
v -0.142159 -0.481352 -0.882053
v -0.139235 -0.363480 -0.882053
v -0.108486 -0.482188 -0.882053
v -0.105562 -0.364315 -0.882053
v -0.108486 -0.482188 -0.920154
v -0.105562 -0.364315 -0.920154
v -0.149749 -0.481164 -0.920154
v -0.146825 -0.363292 -0.920154
v -0.159548 -0.480921 -0.968748
v -0.156624 -0.363049 -0.968748
v -0.198880 -0.479945 -0.968748
v -0.195956 -0.362073 -0.968748
v -0.189219 -0.480185 -0.920154
v -0.186295 -0.362313 -0.920154
v -0.219305 -0.479438 -0.920154
v -0.216380 -0.361566 -0.920154
v -0.229241 -0.479192 -0.968748
v -0.226317 -0.361320 -0.968748
v -0.268297 -0.478223 -0.968748
v -0.265373 -0.360351 -0.968748
v -0.258223 -0.478473 -0.920154
v -0.255299 -0.360601 -0.920154
v -0.277544 -0.477994 -0.920154
v -0.274619 -0.360121 -0.920154
v -0.204400 -0.479808 -0.847126
v -0.201476 -0.361936 -0.847126
v -0.211714 -0.479627 -0.882053
v -0.208790 -0.361755 -0.882053
v -0.181491 -0.480376 -0.882053
v -0.178567 -0.362504 -0.882053
v -0.174315 -0.480554 -0.847126
v -0.171391 -0.362682 -0.847126
v 0.060987 -0.486392 -0.781553
v 0.063911 -0.368519 -0.781553
v 0.062497 -0.486429 -0.783386
v 0.065421 -0.368557 -0.783386
v 0.063946 -0.486465 -0.785296
v 0.066870 -0.368593 -0.785296
v 0.065334 -0.486499 -0.787283
v 0.068258 -0.368627 -0.787283
v 0.066660 -0.486532 -0.789345
v 0.069584 -0.368660 -0.789345
v 0.067925 -0.486564 -0.791485
v 0.070849 -0.368692 -0.791485
v 0.069130 -0.486594 -0.793701
v 0.072054 -0.368721 -0.793701
v 0.070272 -0.486622 -0.795994
v 0.073196 -0.368750 -0.795994
v 0.071353 -0.486649 -0.798365
v 0.074277 -0.368777 -0.798365
v 0.072373 -0.486674 -0.800811
v 0.075297 -0.368802 -0.800811
v 0.073331 -0.486698 -0.803334
v 0.076255 -0.368826 -0.803334
v 0.074228 -0.486720 -0.805934
v 0.077152 -0.368848 -0.805934
v 0.075064 -0.486741 -0.808610
v 0.077988 -0.368869 -0.808610
v 0.019171 -0.485354 -0.815513
v 0.022095 -0.367482 -0.815513
v 0.018782 -0.485345 -0.813605
v 0.021706 -0.367472 -0.813605
v 0.018353 -0.485334 -0.811794
v 0.021277 -0.367462 -0.811794
v 0.017881 -0.485322 -0.810078
v 0.020805 -0.367450 -0.810078
v 0.017369 -0.485310 -0.808457
v 0.020293 -0.367437 -0.808457
v 0.016816 -0.485296 -0.806933
v 0.019740 -0.367424 -0.806933
v 0.016221 -0.485281 -0.805504
v 0.019145 -0.367409 -0.805504
v 0.015585 -0.485265 -0.804172
v 0.018509 -0.367393 -0.804172
v 0.014908 -0.485249 -0.802936
v 0.017832 -0.367376 -0.802936
v 0.014189 -0.485231 -0.801795
v 0.017114 -0.367359 -0.801795
v 0.013430 -0.485212 -0.800750
v 0.016354 -0.367340 -0.800750
v 0.012630 -0.485192 -0.799800
v 0.015554 -0.367320 -0.799800
v 0.011787 -0.485171 -0.798947
v 0.014711 -0.367299 -0.798947
v 0.010908 -0.485149 -0.798176
v 0.013833 -0.367277 -0.798176
v 0.009995 -0.485127 -0.797471
v 0.012920 -0.367255 -0.797471
v 0.009049 -0.485103 -0.796834
v 0.011973 -0.367231 -0.796834
v 0.008069 -0.485079 -0.796263
v 0.010993 -0.367207 -0.796263
v 0.007055 -0.485054 -0.795760
v 0.009980 -0.367182 -0.795760
v 0.006008 -0.485028 -0.795323
v 0.008933 -0.367156 -0.795323
v 0.004928 -0.485001 -0.794954
v 0.007852 -0.367129 -0.794954
v 0.003814 -0.484973 -0.794652
v 0.006738 -0.367101 -0.794652
v 0.002667 -0.484945 -0.794418
v 0.005591 -0.367073 -0.794418
v 0.001485 -0.484916 -0.794249
v 0.004409 -0.367043 -0.794249
v 0.000270 -0.484885 -0.794149
v 0.003194 -0.367013 -0.794149
v -0.000978 -0.484854 -0.794115
v 0.001946 -0.366982 -0.794115
v -0.003213 -0.484799 -0.794212
v -0.000289 -0.366927 -0.794212
v -0.005363 -0.484746 -0.794499
v -0.002439 -0.366874 -0.794499
v -0.007430 -0.484694 -0.794978
v -0.004506 -0.366822 -0.794978
v -0.009412 -0.484645 -0.795649
v -0.006488 -0.366773 -0.795649
v -0.011309 -0.484598 -0.796513
v -0.008385 -0.366726 -0.796513
v -0.013123 -0.484553 -0.797567
v -0.010198 -0.366681 -0.797567
v -0.014851 -0.484510 -0.798813
v -0.011927 -0.366638 -0.798813
v -0.016496 -0.484469 -0.800251
v -0.013572 -0.366597 -0.800251
v -0.018056 -0.484431 -0.801881
v -0.015132 -0.366559 -0.801881
v -0.019532 -0.484394 -0.803702
v -0.016608 -0.366522 -0.803702
v -0.020924 -0.484360 -0.805716
v -0.018000 -0.366488 -0.805716
v -0.022231 -0.484327 -0.807920
v -0.019307 -0.366455 -0.807920
v -0.023131 -0.484305 -0.809734
v -0.020207 -0.366433 -0.809734
v -0.023991 -0.484284 -0.811862
v -0.021067 -0.366411 -0.811862
v -0.024810 -0.484263 -0.814306
v -0.021886 -0.366391 -0.814306
v -0.025589 -0.484244 -0.817063
v -0.022665 -0.366372 -0.817063
v -0.026328 -0.484226 -0.820134
v -0.023404 -0.366353 -0.820134
v -0.027027 -0.484208 -0.823520
v -0.024103 -0.366336 -0.823520
v -0.027685 -0.484192 -0.827220
v -0.024761 -0.366320 -0.827220
v -0.028304 -0.484177 -0.831235
v -0.025379 -0.366304 -0.831235
v -0.028882 -0.484162 -0.835565
v -0.025957 -0.366290 -0.835565
v -0.029419 -0.484149 -0.840208
v -0.026495 -0.366277 -0.840208
v -0.029917 -0.484137 -0.845167
v -0.026992 -0.366264 -0.845167
v -0.030373 -0.484125 -0.850439
v -0.027449 -0.366253 -0.850439
v -0.028691 -0.484167 -0.848774
v -0.025767 -0.366295 -0.848774
v -0.027000 -0.484209 -0.847182
v -0.024076 -0.366337 -0.847182
v -0.025302 -0.484251 -0.845664
v -0.022378 -0.366379 -0.845664
v -0.023596 -0.484293 -0.844220
v -0.020672 -0.366421 -0.844220
v -0.021882 -0.484336 -0.842850
v -0.018958 -0.366464 -0.842850
v -0.020161 -0.484379 -0.841553
v -0.017237 -0.366506 -0.841553
v -0.018432 -0.484421 -0.840330
v -0.015508 -0.366549 -0.840330
v -0.016696 -0.484465 -0.839181
v -0.013771 -0.366592 -0.839181
v -0.014951 -0.484508 -0.838106
v -0.012027 -0.366636 -0.838106
v -0.013199 -0.484551 -0.837104
v -0.010275 -0.366679 -0.837104
v -0.011440 -0.484595 -0.836177
v -0.008516 -0.366723 -0.836177
v -0.009672 -0.484639 -0.835323
v -0.006748 -0.366767 -0.835323
v -0.007878 -0.484683 -0.834541
v -0.004954 -0.366811 -0.834541
v -0.006038 -0.484729 -0.833826
v -0.003114 -0.366857 -0.833826
v -0.004152 -0.484776 -0.833179
v -0.001228 -0.366904 -0.833179
v -0.002221 -0.484824 -0.832601
v 0.000703 -0.366951 -0.832601
v -0.000242 -0.484873 -0.832090
v 0.002682 -0.367001 -0.832090
v 0.001782 -0.484923 -0.831648
v 0.004706 -0.367051 -0.831648
v 0.003852 -0.484974 -0.831273
v 0.006776 -0.367102 -0.831273
v 0.005968 -0.485027 -0.830967
v 0.008892 -0.367155 -0.830967
v 0.008130 -0.485080 -0.830728
v 0.011054 -0.367208 -0.830728
v 0.010338 -0.485135 -0.830558
v 0.013262 -0.367263 -0.830558
v 0.012593 -0.485191 -0.830456
v 0.015517 -0.367319 -0.830456
v 0.014893 -0.485248 -0.830423
v 0.017817 -0.367376 -0.830423
v 0.019343 -0.485359 -0.830557
v 0.022267 -0.367486 -0.830557
v 0.023677 -0.485466 -0.830960
v 0.026601 -0.367594 -0.830960
v 0.027896 -0.485571 -0.831631
v 0.030820 -0.367699 -0.831631
v 0.031998 -0.485672 -0.832570
v 0.034922 -0.367800 -0.832570
v 0.035984 -0.485771 -0.833778
v 0.038908 -0.367899 -0.833778
v 0.039855 -0.485867 -0.835254
v 0.042779 -0.367995 -0.835254
v 0.043609 -0.485961 -0.836999
v 0.046533 -0.368088 -0.836999
v 0.047247 -0.486051 -0.839012
v 0.050172 -0.368179 -0.839012
v 0.050770 -0.486138 -0.841294
v 0.053694 -0.368266 -0.841294
v 0.054177 -0.486223 -0.843844
v 0.057101 -0.368351 -0.843844
v 0.057467 -0.486304 -0.846662
v 0.060392 -0.368432 -0.846662
v 0.060642 -0.486383 -0.849749
v 0.063566 -0.368511 -0.849749
v 0.063628 -0.486457 -0.853043
v 0.066552 -0.368585 -0.853043
v 0.066356 -0.486525 -0.856479
v 0.069280 -0.368653 -0.856479
v 0.068823 -0.486586 -0.860060
v 0.071747 -0.368714 -0.860060
v 0.071031 -0.486641 -0.863785
v 0.073955 -0.368769 -0.863785
v 0.072978 -0.486689 -0.867652
v 0.075902 -0.368817 -0.867652
v 0.074667 -0.486731 -0.871665
v 0.077591 -0.368859 -0.871665
v 0.076095 -0.486766 -0.875821
v 0.079019 -0.368894 -0.875821
v 0.077264 -0.486795 -0.880120
v 0.080188 -0.368923 -0.880120
v 0.078173 -0.486818 -0.884563
v 0.081097 -0.368946 -0.884563
v 0.078822 -0.486834 -0.889151
v 0.081746 -0.368962 -0.889151
v 0.079212 -0.486844 -0.893882
v 0.082136 -0.368972 -0.893882
v 0.079342 -0.486847 -0.898757
v 0.082266 -0.368975 -0.898757
v 0.079276 -0.486845 -0.902069
v 0.082201 -0.368973 -0.902069
v 0.079079 -0.486840 -0.905334
v 0.082003 -0.368968 -0.905334
v 0.078751 -0.486832 -0.908549
v 0.081675 -0.368960 -0.908549
v 0.078291 -0.486821 -0.911718
v 0.081215 -0.368949 -0.911718
v 0.077700 -0.486806 -0.914838
v 0.080624 -0.368934 -0.914838
v 0.076978 -0.486788 -0.917911
v 0.079902 -0.368916 -0.917911
v 0.076125 -0.486767 -0.920936
v 0.079049 -0.368895 -0.920936
v 0.075140 -0.486743 -0.923913
v 0.078064 -0.368871 -0.923913
v 0.074024 -0.486715 -0.926841
v 0.076948 -0.368843 -0.926841
v 0.072777 -0.486684 -0.929722
v 0.075701 -0.368812 -0.929722
v 0.071398 -0.486650 -0.932555
v 0.074322 -0.368778 -0.932555
v 0.069889 -0.486612 -0.935340
v 0.072813 -0.368740 -0.935340
v 0.068262 -0.486572 -0.938045
v 0.071186 -0.368700 -0.938045
v 0.066534 -0.486529 -0.940637
v 0.069458 -0.368657 -0.940637
v 0.064704 -0.486484 -0.943118
v 0.067629 -0.368612 -0.943118
v 0.062774 -0.486436 -0.945486
v 0.065698 -0.368564 -0.945486
v 0.060741 -0.486386 -0.947743
v 0.063665 -0.368513 -0.947743
v 0.058606 -0.486333 -0.949887
v 0.061530 -0.368460 -0.949887
v 0.056371 -0.486277 -0.951919
v 0.059295 -0.368405 -0.951919
v 0.054033 -0.486219 -0.953838
v 0.056957 -0.368347 -0.953838
v 0.051593 -0.486159 -0.955646
v 0.054518 -0.368286 -0.955646
v 0.049053 -0.486096 -0.957342
v 0.051977 -0.368223 -0.957342
v 0.046411 -0.486030 -0.958924
v 0.049335 -0.368158 -0.958924
v 0.043667 -0.485962 -0.960395
v 0.046591 -0.368090 -0.960395
v 0.040813 -0.485891 -0.961752
v 0.043738 -0.368019 -0.961752
v 0.037842 -0.485817 -0.962990
v 0.040766 -0.367945 -0.962990
v 0.034752 -0.485741 -0.964110
v 0.037676 -0.367869 -0.964110
v 0.031545 -0.485661 -0.965112
v 0.034469 -0.367789 -0.965112
v 0.028220 -0.485579 -0.965997
v 0.031144 -0.367707 -0.965997
v 0.024777 -0.485493 -0.966763
v 0.027701 -0.367621 -0.966763
v 0.021217 -0.485405 -0.967412
v 0.024141 -0.367533 -0.967412
v 0.017537 -0.485314 -0.967942
v 0.020461 -0.367442 -0.967942
v 0.013741 -0.485220 -0.968355
v 0.016665 -0.367347 -0.968355
v 0.009826 -0.485122 -0.968650
v 0.012750 -0.367250 -0.968650
v 0.005795 -0.485022 -0.968827
v 0.008719 -0.367150 -0.968827
v 0.001644 -0.484919 -0.968885
v 0.004569 -0.367047 -0.968885
v -0.003333 -0.484796 -0.968814
v -0.000409 -0.366924 -0.968814
v -0.008143 -0.484677 -0.968599
v -0.005219 -0.366805 -0.968599
v -0.012787 -0.484562 -0.968239
v -0.009863 -0.366689 -0.968239
v -0.017263 -0.484450 -0.967735
v -0.014339 -0.366578 -0.967735
v -0.021572 -0.484344 -0.967088
v -0.018648 -0.366471 -0.967088
v -0.025716 -0.484241 -0.966298
v -0.022792 -0.366369 -0.966298
v -0.029692 -0.484142 -0.965363
v -0.026768 -0.366270 -0.965363
v -0.033502 -0.484048 -0.964284
v -0.030577 -0.366175 -0.964284
v -0.037144 -0.483957 -0.963062
v -0.034220 -0.366085 -0.963062
v -0.040621 -0.483871 -0.961696
v -0.037697 -0.365999 -0.961696
v -0.043930 -0.483789 -0.960186
v -0.041006 -0.365917 -0.960186
v -0.047072 -0.483711 -0.958532
v -0.044148 -0.365839 -0.958532
v -0.050080 -0.483636 -0.956721
v -0.047156 -0.365764 -0.956721
v -0.052986 -0.483564 -0.954738
v -0.050061 -0.365692 -0.954738
v -0.055788 -0.483495 -0.952583
v -0.052864 -0.365623 -0.952583
v -0.058488 -0.483428 -0.950256
v -0.055564 -0.365556 -0.950256
v -0.061087 -0.483363 -0.947759
v -0.058163 -0.365491 -0.947759
v -0.063582 -0.483301 -0.945089
v -0.060658 -0.365429 -0.945089
v -0.065974 -0.483242 -0.942248
v -0.063050 -0.365370 -0.942248
v -0.068264 -0.483185 -0.939236
v -0.065340 -0.365313 -0.939236
v -0.070451 -0.483131 -0.936052
v -0.067527 -0.365259 -0.936052
v -0.072537 -0.483079 -0.932696
v -0.069613 -0.365207 -0.932696
v -0.074519 -0.483030 -0.929168
v -0.071595 -0.365158 -0.929168
v -0.076399 -0.482983 -0.925470
v -0.073475 -0.365111 -0.925470
v -0.078151 -0.482940 -0.921583
v -0.075227 -0.365068 -0.921583
v -0.079751 -0.482900 -0.917491
v -0.076827 -0.365028 -0.917491
v -0.081199 -0.482864 -0.913196
v -0.078274 -0.364992 -0.913196
v -0.082494 -0.482832 -0.908696
v -0.079570 -0.364960 -0.908696
v -0.083637 -0.482804 -0.903992
v -0.080713 -0.364932 -0.903992
v -0.084627 -0.482779 -0.899085
v -0.081703 -0.364907 -0.899085
v -0.085466 -0.482759 -0.893973
v -0.082541 -0.364886 -0.893973
v -0.086151 -0.482742 -0.888656
v -0.083227 -0.364869 -0.888656
v -0.086684 -0.482728 -0.883135
v -0.083760 -0.364856 -0.883135
v -0.087066 -0.482719 -0.877411
v -0.084142 -0.364847 -0.877411
v -0.087294 -0.482713 -0.871482
v -0.084370 -0.364841 -0.871482
v -0.087371 -0.482711 -0.865349
v -0.084446 -0.364839 -0.865349
v -0.087210 -0.482715 -0.856418
v -0.084286 -0.364843 -0.856418
v -0.086730 -0.482727 -0.847895
v -0.083806 -0.364855 -0.847895
v -0.085930 -0.482747 -0.839780
v -0.083006 -0.364875 -0.839780
v -0.084809 -0.482775 -0.832071
v -0.081885 -0.364903 -0.832071
v -0.083369 -0.482811 -0.824770
v -0.080445 -0.364938 -0.824770
v -0.081608 -0.482854 -0.817877
v -0.078684 -0.364982 -0.817877
v -0.079528 -0.482906 -0.811391
v -0.076604 -0.365034 -0.811391
v -0.077127 -0.482965 -0.805313
v -0.074203 -0.365093 -0.805313
v -0.074406 -0.483033 -0.799642
v -0.071482 -0.365161 -0.799642
v -0.071365 -0.483108 -0.794378
v -0.068441 -0.365236 -0.794378
v -0.068004 -0.483192 -0.789522
v -0.065080 -0.365320 -0.789522
v -0.064323 -0.483283 -0.785074
v -0.061399 -0.365411 -0.785074
v -0.060358 -0.483381 -0.781006
v -0.057434 -0.365509 -0.781006
v -0.056146 -0.483486 -0.777290
v -0.053222 -0.365614 -0.777290
v -0.051687 -0.483597 -0.773930
v -0.048763 -0.365724 -0.773930
v -0.046980 -0.483713 -0.770923
v -0.044056 -0.365841 -0.770923
v -0.042026 -0.483836 -0.768270
v -0.039102 -0.365964 -0.768270
v -0.036825 -0.483965 -0.765971
v -0.033901 -0.366093 -0.765971
v -0.031377 -0.484100 -0.764025
v -0.028453 -0.366228 -0.764025
v -0.025681 -0.484242 -0.762433
v -0.022757 -0.366369 -0.762433
v -0.019739 -0.484389 -0.761195
v -0.016815 -0.366517 -0.761195
v -0.013549 -0.484543 -0.760311
v -0.010624 -0.366670 -0.760311
v -0.007111 -0.484702 -0.759780
v -0.004187 -0.366830 -0.759780
v -0.000426 -0.484868 -0.759603
v 0.002498 -0.366996 -0.759603
v 0.003529 -0.484966 -0.759643
v 0.006453 -0.367094 -0.759643
v 0.007342 -0.485061 -0.759759
v 0.010266 -0.367189 -0.759759
v 0.011016 -0.485152 -0.759953
v 0.013940 -0.367280 -0.759953
v 0.014548 -0.485240 -0.760224
v 0.017472 -0.367367 -0.760224
v 0.017939 -0.485324 -0.760574
v 0.020863 -0.367452 -0.760574
v 0.021189 -0.485404 -0.761001
v 0.024114 -0.367532 -0.761001
v 0.024299 -0.485482 -0.761506
v 0.027223 -0.367609 -0.761506
v 0.027267 -0.485555 -0.762088
v 0.030191 -0.367683 -0.762088
v 0.030095 -0.485625 -0.762748
v 0.033019 -0.367753 -0.762748
v 0.032782 -0.485692 -0.763485
v 0.035706 -0.367820 -0.763485
v 0.035328 -0.485755 -0.764301
v 0.038252 -0.367883 -0.764301
v 0.037733 -0.485815 -0.765194
v 0.040657 -0.367943 -0.765194
v 0.040034 -0.485872 -0.766162
v 0.042959 -0.368000 -0.766162
v 0.042269 -0.485927 -0.767201
v 0.045193 -0.368055 -0.767201
v 0.044439 -0.485981 -0.768313
v 0.047363 -0.368109 -0.768313
v 0.046542 -0.486033 -0.769497
v 0.049466 -0.368161 -0.769497
v 0.048580 -0.486084 -0.770752
v 0.051504 -0.368212 -0.770752
v 0.050550 -0.486133 -0.772080
v 0.053474 -0.368261 -0.772080
v 0.052455 -0.486180 -0.773478
v 0.055379 -0.368308 -0.773478
v 0.054294 -0.486226 -0.774949
v 0.057218 -0.368353 -0.774949
v 0.056066 -0.486270 -0.776492
v 0.058990 -0.368397 -0.776492
v 0.057772 -0.486312 -0.778108
v 0.060696 -0.368440 -0.778108
v 0.059413 -0.486353 -0.779794
v 0.062337 -0.368480 -0.779794
v -0.020506 -0.484370 -0.873908
v -0.017582 -0.366498 -0.873908
v -0.021773 -0.484339 -0.875409
v -0.018849 -0.366466 -0.875409
v -0.022931 -0.484310 -0.877014
v -0.020007 -0.366438 -0.877014
v -0.023978 -0.484284 -0.878723
v -0.021054 -0.366412 -0.878723
v -0.024914 -0.484261 -0.880535
v -0.021990 -0.366388 -0.880535
v -0.025741 -0.484240 -0.882450
v -0.022817 -0.366368 -0.882450
v -0.026458 -0.484222 -0.884469
v -0.023534 -0.366350 -0.884469
v -0.027064 -0.484207 -0.886591
v -0.024140 -0.366335 -0.886591
v -0.027560 -0.484195 -0.888817
v -0.024636 -0.366323 -0.888817
v -0.027945 -0.484185 -0.891147
v -0.025021 -0.366313 -0.891147
v -0.028221 -0.484179 -0.893580
v -0.025297 -0.366306 -0.893580
v -0.028386 -0.484175 -0.896116
v -0.025462 -0.366302 -0.896116
v -0.028442 -0.484173 -0.898757
v -0.025518 -0.366301 -0.898757
v -0.028384 -0.484175 -0.901445
v -0.025460 -0.366302 -0.901445
v -0.028212 -0.484179 -0.904035
v -0.025288 -0.366307 -0.904035
v -0.027924 -0.484186 -0.906526
v -0.025000 -0.366314 -0.906526
v -0.027521 -0.484196 -0.908919
v -0.024597 -0.366324 -0.908919
v -0.027004 -0.484209 -0.911213
v -0.024080 -0.366337 -0.911213
v -0.026371 -0.484224 -0.913407
v -0.023447 -0.366352 -0.913407
v -0.025624 -0.484243 -0.915503
v -0.022700 -0.366371 -0.915503
v -0.024761 -0.484264 -0.917501
v -0.021837 -0.366392 -0.917501
v -0.023784 -0.484289 -0.919400
v -0.020860 -0.366417 -0.919400
v -0.022691 -0.484316 -0.921200
v -0.019767 -0.366444 -0.921200
v -0.021484 -0.484346 -0.922901
v -0.018560 -0.366474 -0.922901
v -0.020161 -0.484379 -0.924503
v -0.017237 -0.366506 -0.924503
v -0.018755 -0.484413 -0.925991
v -0.015831 -0.366541 -0.925991
v -0.017298 -0.484450 -0.927350
v -0.014374 -0.366577 -0.927350
v -0.015788 -0.484487 -0.928580
v -0.012864 -0.366615 -0.928580
v -0.014227 -0.484526 -0.929680
v -0.011303 -0.366654 -0.929680
v -0.012614 -0.484566 -0.930650
v -0.009690 -0.366694 -0.930650
v -0.010950 -0.484607 -0.931491
v -0.008025 -0.366735 -0.931491
v -0.009233 -0.484650 -0.932204
v -0.006309 -0.366778 -0.932204
v -0.007464 -0.484694 -0.932786
v -0.004540 -0.366821 -0.932786
v -0.005644 -0.484739 -0.933239
v -0.002720 -0.366867 -0.933239
v -0.003773 -0.484785 -0.933562
v -0.000849 -0.366913 -0.933562
v -0.001850 -0.484833 -0.933756
v 0.001075 -0.366961 -0.933756
v 0.000126 -0.484882 -0.933821
v 0.003050 -0.367010 -0.933821
v 0.001941 -0.484927 -0.933763
v 0.004865 -0.367055 -0.933763
v 0.003707 -0.484971 -0.933587
v 0.006631 -0.367099 -0.933587
v 0.005422 -0.485013 -0.933295
v 0.008346 -0.367141 -0.933295
v 0.007087 -0.485054 -0.932886
v 0.010011 -0.367182 -0.932886
v 0.008704 -0.485095 -0.932359
v 0.011628 -0.367222 -0.932359
v 0.010269 -0.485133 -0.931716
v 0.013194 -0.367261 -0.931716
v 0.011785 -0.485171 -0.930955
v 0.014709 -0.367299 -0.930955
v 0.013252 -0.485207 -0.930079
v 0.016176 -0.367335 -0.930079
v 0.014668 -0.485243 -0.929084
v 0.017592 -0.367370 -0.929084
v 0.016035 -0.485276 -0.927973
v 0.018959 -0.367404 -0.927973
v 0.017352 -0.485309 -0.926745
v 0.020276 -0.367437 -0.926745
v 0.018619 -0.485341 -0.925400
v 0.021543 -0.367468 -0.925400
v 0.019809 -0.485370 -0.923940
v 0.022733 -0.367498 -0.923940
v 0.020896 -0.485397 -0.922363
v 0.023820 -0.367525 -0.922363
v 0.021879 -0.485421 -0.920672
v 0.024803 -0.367549 -0.920672
v 0.022759 -0.485443 -0.918866
v 0.025683 -0.367571 -0.918866
v 0.023535 -0.485463 -0.916945
v 0.026459 -0.367590 -0.916945
v 0.024208 -0.485479 -0.914909
v 0.027133 -0.367607 -0.914909
v 0.024777 -0.485493 -0.912758
v 0.027701 -0.367621 -0.912758
v 0.025243 -0.485505 -0.910491
v 0.028167 -0.367633 -0.910491
v 0.025605 -0.485514 -0.908109
v 0.028529 -0.367642 -0.908109
v 0.025864 -0.485520 -0.905614
v 0.028788 -0.367648 -0.905614
v 0.026020 -0.485524 -0.903002
v 0.028944 -0.367652 -0.903002
v 0.026071 -0.485525 -0.900276
v 0.028995 -0.367653 -0.900276
v 0.026017 -0.485524 -0.897479
v 0.028941 -0.367652 -0.897479
v 0.025857 -0.485520 -0.894796
v 0.028781 -0.367648 -0.894796
v 0.025588 -0.485513 -0.892225
v 0.028512 -0.367641 -0.892225
v 0.025213 -0.485504 -0.889768
v 0.028137 -0.367632 -0.889768
v 0.024730 -0.485492 -0.887424
v 0.027654 -0.367620 -0.887424
v 0.024139 -0.485478 -0.885193
v 0.027063 -0.367605 -0.885193
v 0.023441 -0.485460 -0.883076
v 0.026366 -0.367588 -0.883076
v 0.022637 -0.485440 -0.881071
v 0.025561 -0.367568 -0.881071
v 0.021724 -0.485418 -0.879180
v 0.024648 -0.367545 -0.879180
v 0.020704 -0.485392 -0.877401
v 0.023628 -0.367520 -0.877401
v 0.019577 -0.485364 -0.875736
v 0.022501 -0.367492 -0.875736
v 0.018343 -0.485334 -0.874184
v 0.021267 -0.367462 -0.874184
v 0.017029 -0.485301 -0.872751
v 0.019953 -0.367429 -0.872751
v 0.015663 -0.485267 -0.871442
v 0.018587 -0.367395 -0.871442
v 0.014246 -0.485232 -0.870258
v 0.017170 -0.367360 -0.870258
v 0.012777 -0.485196 -0.869199
v 0.015701 -0.367324 -0.869199
v 0.011255 -0.485158 -0.868264
v 0.014180 -0.367286 -0.868264
v 0.009683 -0.485119 -0.867454
v 0.012607 -0.367247 -0.867454
v 0.008059 -0.485079 -0.866768
v 0.010983 -0.367206 -0.866768
v 0.006382 -0.485037 -0.866208
v 0.009306 -0.367165 -0.866208
v 0.004654 -0.484994 -0.865772
v 0.007578 -0.367122 -0.865772
v 0.002874 -0.484950 -0.865460
v 0.005798 -0.367078 -0.865460
v 0.001043 -0.484905 -0.865274
v 0.003967 -0.367032 -0.865274
v -0.000840 -0.484858 -0.865211
v 0.002084 -0.366986 -0.865211
v -0.002769 -0.484810 -0.865271
v 0.000156 -0.366938 -0.865271
v -0.004645 -0.484763 -0.865452
v -0.001721 -0.366891 -0.865452
v -0.006468 -0.484718 -0.865755
v -0.003544 -0.366846 -0.865755
v -0.008239 -0.484674 -0.866177
v -0.005315 -0.366802 -0.866177
v -0.009957 -0.484632 -0.866721
v -0.007033 -0.366760 -0.866721
v -0.011622 -0.484590 -0.867385
v -0.008698 -0.366718 -0.867385
v -0.013234 -0.484550 -0.868171
v -0.010310 -0.366678 -0.868171
v -0.014794 -0.484512 -0.869076
v -0.011870 -0.366640 -0.869076
v -0.016301 -0.484474 -0.870103
v -0.013377 -0.366602 -0.870103
v -0.017755 -0.484438 -0.871251
v -0.014831 -0.366566 -0.871251
v -0.019157 -0.484403 -0.872519
v -0.016233 -0.366531 -0.872519
v 0.101837 -0.487405 -0.810543
v 0.104761 -0.369533 -0.810543
v 0.101837 -0.487405 -0.763054
v 0.104761 -0.369533 -0.763054
v 0.265927 -0.491476 -0.763054
v 0.268851 -0.373603 -0.763054
v 0.265927 -0.491476 -0.801018
v 0.268851 -0.373603 -0.801018
v 0.262411 -0.491388 -0.804261
v 0.265335 -0.373516 -0.804261
v 0.258992 -0.491304 -0.807548
v 0.261916 -0.373431 -0.807548
v 0.255671 -0.491221 -0.810880
v 0.258595 -0.373349 -0.810880
v 0.252449 -0.491141 -0.814255
v 0.255373 -0.373269 -0.814255
v 0.249323 -0.491064 -0.817675
v 0.252247 -0.373192 -0.817675
v 0.246295 -0.490989 -0.821138
v 0.249219 -0.373116 -0.821138
v 0.243366 -0.490916 -0.824646
v 0.246290 -0.373044 -0.824646
v 0.240534 -0.490846 -0.828198
v 0.243458 -0.372974 -0.828198
v 0.237799 -0.490778 -0.831795
v 0.240723 -0.372906 -0.831795
v 0.235162 -0.490712 -0.835434
v 0.238087 -0.372840 -0.835434
v 0.232624 -0.490649 -0.839118
v 0.235548 -0.372777 -0.839118
v 0.230183 -0.490589 -0.842847
v 0.233107 -0.372717 -0.842847
v 0.227335 -0.490518 -0.847446
v 0.230259 -0.372646 -0.847446
v 0.224590 -0.490450 -0.852131
v 0.227514 -0.372578 -0.852131
v 0.221946 -0.490385 -0.856902
v 0.224870 -0.372512 -0.856902
v 0.219403 -0.490321 -0.861760
v 0.222328 -0.372449 -0.861760
v 0.216962 -0.490261 -0.866703
v 0.219887 -0.372389 -0.866703
v 0.214623 -0.490203 -0.871733
v 0.217547 -0.372331 -0.871733
v 0.212385 -0.490147 -0.876850
v 0.215309 -0.372275 -0.876850
v 0.210248 -0.490094 -0.882053
v 0.213173 -0.372222 -0.882053
v 0.208214 -0.490044 -0.887342
v 0.211138 -0.372172 -0.887342
v 0.206281 -0.489996 -0.892717
v 0.209205 -0.372124 -0.892717
v 0.204449 -0.489950 -0.898179
v 0.207373 -0.372078 -0.898179
v 0.202719 -0.489908 -0.903727
v 0.205643 -0.372035 -0.903727
v 0.201422 -0.489875 -0.908141
v 0.204347 -0.372003 -0.908141
v 0.200198 -0.489845 -0.912688
v 0.203122 -0.371973 -0.912688
v 0.199045 -0.489816 -0.917368
v 0.201969 -0.371944 -0.917368
v 0.197966 -0.489790 -0.922179
v 0.200890 -0.371918 -0.922179
v 0.196960 -0.489765 -0.927123
v 0.199884 -0.371893 -0.927123
v 0.196026 -0.489742 -0.932199
v 0.198950 -0.371869 -0.932199
v 0.195165 -0.489720 -0.937408
v 0.198089 -0.371848 -0.937408
v 0.194378 -0.489701 -0.942748
v 0.197302 -0.371829 -0.942748
v 0.193663 -0.489683 -0.948222
v 0.196587 -0.371811 -0.948222
v 0.193021 -0.489667 -0.953827
v 0.195945 -0.371795 -0.953827
v 0.192451 -0.489653 -0.959565
v 0.195375 -0.371781 -0.959565
v 0.191955 -0.489641 -0.965434
v 0.194879 -0.371768 -0.965434
v 0.135925 -0.488251 -0.965434
v 0.138849 -0.370378 -0.965434
v 0.137081 -0.488279 -0.957286
v 0.140005 -0.370407 -0.957286
v 0.138344 -0.488311 -0.949359
v 0.141268 -0.370438 -0.949359
v 0.139711 -0.488345 -0.941655
v 0.142635 -0.370472 -0.941655
v 0.141184 -0.488381 -0.934174
v 0.144108 -0.370509 -0.934174
v 0.142763 -0.488420 -0.926915
v 0.145687 -0.370548 -0.926915
v 0.144447 -0.488462 -0.919878
v 0.147371 -0.370590 -0.919878
v 0.146236 -0.488506 -0.913064
v 0.149160 -0.370634 -0.913064
v 0.148131 -0.488553 -0.906472
v 0.151055 -0.370681 -0.906472
v 0.150131 -0.488603 -0.900103
v 0.153055 -0.370731 -0.900103
v 0.152236 -0.488655 -0.893956
v 0.155160 -0.370783 -0.893956
v 0.154447 -0.488710 -0.888031
v 0.157371 -0.370838 -0.888031
v 0.156763 -0.488768 -0.882329
v 0.159687 -0.370895 -0.882329
v 0.159247 -0.488829 -0.876705
v 0.162171 -0.370957 -0.876705
v 0.161961 -0.488896 -0.871017
v 0.164885 -0.371024 -0.871017
v 0.164906 -0.488970 -0.865262
v 0.167830 -0.371097 -0.865262
v 0.168080 -0.489048 -0.859443
v 0.171004 -0.371176 -0.859443
v 0.171484 -0.489133 -0.853559
v 0.174408 -0.371261 -0.853559
v 0.175119 -0.489223 -0.847609
v 0.178043 -0.371351 -0.847609
v 0.178983 -0.489319 -0.841595
v 0.181907 -0.371447 -0.841595
v 0.183076 -0.489420 -0.835515
v 0.186001 -0.371548 -0.835515
v 0.187401 -0.489528 -0.829370
v 0.190325 -0.371655 -0.829370
v 0.191955 -0.489641 -0.823159
v 0.194879 -0.371768 -0.823159
v 0.196740 -0.489759 -0.816884
v 0.199664 -0.371887 -0.816884
v 0.201754 -0.489884 -0.810543
v 0.204678 -0.372012 -0.810543
vn 0.0248 0.9997 -0.0000
vn -0.0248 -0.9997 -0.0000
vn -0.7069 0.0175 0.7071
vn -0.6317 0.0157 0.7750
vn -0.7748 0.0192 -0.6319
vn -0.7069 0.0175 -0.7071
vn -0.6344 0.0157 0.7728
vn 0.7743 -0.0192 0.6325
vn -0.6334 0.0157 0.7737
vn 0.7717 -0.0191 0.6356
vn 0.7069 -0.0175 0.7071
vn 0.7069 -0.0175 -0.7071
vn 0.6332 -0.0157 -0.7738
vn 0.7736 -0.0192 0.6334
vn 0.6332 -0.0157 -0.7739
vn -0.7728 0.0192 -0.6344
vn 0.6321 -0.0157 -0.7747
vn -0.7753 0.0192 -0.6312
vn 0.6303 -0.0156 -0.7762
vn 0.7760 -0.0192 0.6305
vn 0.7583 -0.0188 0.6516
vn 0.7841 -0.0195 0.6203
vn 0.8080 -0.0200 0.5888
vn 0.8303 -0.0206 0.5570
vn 0.8508 -0.0211 0.5251
vn 0.8695 -0.0216 0.4934
vn 0.8867 -0.0220 0.4618
vn 0.9022 -0.0224 0.4306
vn 0.9162 -0.0227 0.4000
vn 0.9287 -0.0230 0.3701
vn 0.9399 -0.0233 0.3407
vn 0.9497 -0.0236 0.3122
vn 0.8402 -0.0208 -0.5418
vn -0.5836 0.0145 -0.8119
vn -0.9762 0.0242 -0.2153
vn -0.9685 0.0240 -0.2479
vn -0.9588 0.0238 -0.2832
vn -0.9467 0.0235 -0.3213
vn -0.9315 0.0231 -0.3630
vn -0.9128 0.0226 -0.4078
vn -0.8899 0.0221 -0.4556
vn -0.8617 0.0214 -0.5070
vn -0.8276 0.0205 -0.5609
vn -0.7869 0.0195 -0.6168
vn -0.7382 0.0183 -0.6743
vn -0.6858 0.0170 -0.7276
vn -0.6354 0.0158 -0.7721
vn -0.5848 0.0145 -0.8111
vn -0.5309 0.0132 -0.8474
vn -0.4740 0.0118 -0.8804
vn -0.4148 0.0103 -0.9098
vn -0.3541 0.0088 -0.9352
vn -0.2924 0.0073 -0.9563
vn -0.2311 0.0057 -0.9729
vn -0.1706 0.0042 -0.9853
vn -0.1117 0.0028 -0.9937
vn -0.0546 0.0014 -0.9985
vn 0.0081 -0.0002 -1.0000
vn 0.0877 -0.0022 -0.9961
vn 0.1792 -0.0044 -0.9838
vn 0.2735 -0.0068 -0.9619
vn 0.3677 -0.0091 -0.9299
vn 0.4588 -0.0114 -0.8885
vn 0.5441 -0.0135 -0.8389
vn 0.6218 -0.0154 -0.7830
vn 0.6906 -0.0171 -0.7230
vn 0.7500 -0.0186 -0.6612
vn 0.8000 -0.0198 -0.5996
vn 0.8416 -0.0209 -0.5397
vn 0.8782 -0.0218 -0.4778
vn 0.9118 -0.0226 -0.4100
vn 0.9378 -0.0233 -0.3465
vn 0.9550 -0.0237 -0.2956
vn 0.9672 -0.0240 -0.2530
vn 0.9756 -0.0242 -0.2181
vn 0.9817 -0.0244 -0.1887
vn 0.9862 -0.0245 -0.1637
vn 0.9895 -0.0245 -0.1423
vn 0.9920 -0.0246 -0.1237
vn 0.9939 -0.0247 -0.1074
vn 0.9954 -0.0247 -0.0931
vn 0.4246 -0.0105 0.9053
vn -0.6942 0.0172 0.7196
vn -0.6757 0.0168 0.7370
vn -0.6561 0.0163 0.7545
vn -0.6351 0.0158 0.7722
vn -0.6129 0.0152 0.7900
vn -0.5894 0.0146 0.8077
vn -0.5644 0.0140 0.8254
vn -0.5379 0.0133 0.8429
vn -0.5102 0.0127 0.8599
vn -0.4811 0.0119 0.8766
vn -0.4505 0.0112 0.8927
vn -0.4173 0.0104 0.9087
vn -0.3808 0.0094 0.9246
vn -0.3432 0.0085 0.9392
vn -0.3055 0.0076 0.9522
vn -0.2681 0.0067 0.9634
vn -0.2316 0.0057 0.9728
vn -0.1954 0.0048 0.9807
vn -0.1605 0.0040 0.9870
vn -0.1264 0.0031 0.9920
vn -0.0933 0.0023 0.9956
vn -0.0610 0.0015 0.9981
vn -0.0299 0.0007 0.9996
vn 0.0078 -0.0002 1.0000
vn 0.0613 -0.0015 0.9981
vn 0.1248 -0.0031 0.9922
vn 0.1901 -0.0047 0.9818
vn 0.2566 -0.0064 0.9665
vn 0.3233 -0.0080 0.9463
vn 0.3889 -0.0096 0.9212
vn 0.4528 -0.0112 0.8915
vn 0.5140 -0.0127 0.8577
vn 0.5715 -0.0142 0.8205
vn 0.6249 -0.0155 0.7805
vn 0.6738 -0.0167 0.7387
vn 0.7190 -0.0178 0.6948
vn 0.7621 -0.0189 0.6472
vn 0.8035 -0.0199 0.5950
vn 0.8420 -0.0209 0.5391
vn 0.8769 -0.0218 0.4802
vn 0.9077 -0.0225 0.4191
vn 0.9339 -0.0232 0.3568
vn 0.9555 -0.0237 0.2939
vn 0.9725 -0.0241 0.2315
vn 0.9851 -0.0244 0.1704
vn 0.9935 -0.0246 0.1112
vn 0.9982 -0.0248 0.0544
vn 0.9997 -0.0248 0.0034
vn 0.9989 -0.0248 -0.0401
vn 0.9964 -0.0247 -0.0810
vn 0.9922 -0.0246 -0.1226
vn 0.9860 -0.0245 -0.1649
vn 0.9779 -0.0243 -0.2076
vn 0.9679 -0.0240 -0.2502
vn 0.9558 -0.0237 -0.2929
vn 0.9418 -0.0234 -0.3353
vn 0.9260 -0.0230 -0.3769
vn 0.9083 -0.0225 -0.4177
vn 0.8890 -0.0221 -0.4573
vn 0.8680 -0.0215 -0.4961
vn 0.8444 -0.0209 -0.5353
vn 0.8183 -0.0203 -0.5744
vn 0.7898 -0.0196 -0.6130
vn 0.7589 -0.0188 -0.6509
vn 0.7257 -0.0180 -0.6878
vn 0.6906 -0.0171 -0.7231
vn 0.6534 -0.0162 -0.7568
vn 0.6149 -0.0153 -0.7885
vn 0.5752 -0.0143 -0.8179
vn 0.5344 -0.0133 -0.8451
vn 0.4930 -0.0122 -0.8699
vn 0.4508 -0.0112 -0.8926
vn 0.4069 -0.0101 -0.9134
vn 0.3626 -0.0090 -0.9319
vn 0.3194 -0.0079 -0.9476
vn 0.2776 -0.0069 -0.9607
vn 0.2371 -0.0059 -0.9715
vn 0.1982 -0.0049 -0.9802
vn 0.1609 -0.0040 -0.9870
vn 0.1253 -0.0031 -0.9921
vn 0.0916 -0.0023 -0.9958
vn 0.0594 -0.0015 -0.9982
vn 0.0289 -0.0007 -0.9996
vn -0.0001 -0.0000 -1.0000
vn -0.0295 0.0007 -0.9996
vn -0.0610 0.0015 -0.9981
vn -0.0945 0.0023 -0.9955
vn -0.1301 0.0032 -0.9915
vn -0.1679 0.0042 -0.9858
vn -0.2080 0.0052 -0.9781
vn -0.2506 0.0062 -0.9681
vn -0.2952 0.0073 -0.9554
vn -0.3418 0.0085 -0.9397
vn -0.3904 0.0097 -0.9206
vn -0.4404 0.0109 -0.8977
vn -0.4908 0.0122 -0.8712
vn -0.5397 0.0134 -0.8418
vn -0.5865 0.0146 -0.8098
vn -0.6311 0.0157 -0.7756
vn -0.6728 0.0167 -0.7396
vn -0.7117 0.0177 -0.7022
vn -0.7477 0.0185 -0.6638
vn -0.7804 0.0194 -0.6250
vn -0.8101 0.0201 -0.5860
vn -0.8367 0.0208 -0.5472
vn -0.8605 0.0213 -0.5091
vn -0.8815 0.0219 -0.4717
vn -0.9015 0.0224 -0.4323
vn -0.9215 0.0229 -0.3878
vn -0.9394 0.0233 -0.3419
vn -0.9542 0.0237 -0.2981
vn -0.9662 0.0240 -0.2565
vn -0.9759 0.0242 -0.2171
vn -0.9834 0.0244 -0.1799
vn -0.9891 0.0245 -0.1449
vn -0.9934 0.0246 -0.1121
vn -0.9964 0.0247 -0.0813
vn -0.9983 0.0248 -0.0525
vn -0.9994 0.0248 -0.0255
vn -0.9997 0.0248 0.0028
vn -0.9990 0.0248 0.0371
vn -0.9967 0.0247 0.0772
vn -0.9923 0.0246 0.1210
vn -0.9853 0.0244 0.1688
vn -0.9750 0.0242 0.2207
vn -0.9607 0.0238 0.2767
vn -0.9413 0.0234 0.3366
vn -0.9161 0.0227 0.4003
vn -0.8840 0.0219 0.4669
vn -0.8444 0.0209 0.5353
vn -0.7968 0.0198 0.6040
vn -0.7436 0.0184 0.6684
vn -0.6890 0.0171 0.7246
vn -0.6318 0.0157 0.7750
vn -0.5702 0.0141 0.8214
vn -0.5053 0.0125 0.8628
vn -0.4383 0.0109 0.8988
vn -0.3704 0.0092 0.9288
vn -0.3028 0.0075 0.9530
vn -0.2366 0.0059 0.9716
vn -0.1727 0.0043 0.9850
vn -0.1118 0.0028 0.9937
vn -0.0543 0.0013 0.9985
vn -0.0082 0.0002 1.0000
vn 0.0202 -0.0005 0.9998
vn 0.0416 -0.0010 0.9991
vn 0.0647 -0.0016 0.9979
vn 0.0896 -0.0022 0.9960
vn 0.1163 -0.0029 0.9932
vn 0.1452 -0.0036 0.9894
vn 0.1764 -0.0044 0.9843
vn 0.2098 -0.0052 0.9777
vn 0.2458 -0.0061 0.9693
vn 0.2847 -0.0071 0.9586
vn 0.3265 -0.0081 0.9451
vn 0.3677 -0.0091 0.9299
vn 0.4045 -0.0100 0.9145
vn 0.4387 -0.0109 0.8986
vn 0.4731 -0.0117 0.8809
vn 0.5073 -0.0126 0.8617
vn 0.5415 -0.0134 0.8406
vn 0.5751 -0.0143 0.8180
vn 0.6083 -0.0151 0.7935
vn 0.6405 -0.0159 0.7678
vn 0.6719 -0.0167 0.7405
vn 0.7019 -0.0174 0.7120
vn 0.7308 -0.0181 0.6824
vn 0.7409 -0.0184 -0.6714
vn 0.7878 -0.0195 -0.6156
vn 0.8321 -0.0206 -0.5543
vn 0.8708 -0.0216 -0.4912
vn 0.9034 -0.0224 -0.4281
vn 0.9304 -0.0231 -0.3657
vn 0.9521 -0.0236 -0.3048
vn 0.9689 -0.0240 -0.2462
vn 0.9814 -0.0243 -0.1904
vn 0.9901 -0.0246 -0.1380
vn 0.9957 -0.0247 -0.0888
vn 0.9988 -0.0248 -0.0430
vn 0.9997 -0.0248 0.0001
vn 0.9987 -0.0248 0.0440
vn 0.9956 -0.0247 0.0907
vn 0.9898 -0.0246 0.1405
vn 0.9809 -0.0243 0.1931
vn 0.9683 -0.0240 0.2487
vn 0.9515 -0.0236 0.3067
vn 0.9301 -0.0231 0.3667
vn 0.9038 -0.0224 0.4274
vn 0.8722 -0.0216 0.4887
vn 0.8354 -0.0207 0.5493
vn 0.7935 -0.0197 0.6082
vn 0.7491 -0.0186 0.6622
vn 0.7045 -0.0175 0.7095
vn 0.6567 -0.0163 0.7539
vn 0.6038 -0.0150 0.7970
vn 0.5459 -0.0135 0.8377
vn 0.4834 -0.0120 0.8753
vn 0.4172 -0.0103 0.9088
vn 0.3481 -0.0086 0.9374
vn 0.2771 -0.0069 0.9608
vn 0.2061 -0.0051 0.9785
vn 0.1353 -0.0034 0.9908
vn 0.0667 -0.0017 0.9978
vn 0.0004 -0.0000 1.0000
vn -0.0654 0.0016 0.9979
vn -0.1336 0.0033 0.9910
vn -0.2032 0.0050 0.9791
vn -0.2742 0.0068 0.9617
vn -0.3450 0.0086 0.9386
vn -0.4143 0.0103 0.9101
vn -0.4807 0.0119 0.8768
vn -0.5440 0.0135 0.8390
vn -0.6028 0.0150 0.7978
vn -0.6563 0.0163 0.7543
vn -0.7050 0.0175 0.7089
vn -0.7517 0.0186 0.6592
vn -0.7996 0.0198 0.6002
vn -0.8442 0.0209 0.5356
vn -0.8820 0.0219 0.4707
vn -0.9133 0.0227 0.4066
vn -0.9385 0.0233 0.3446
vn -0.9582 0.0238 0.2850
vn -0.9732 0.0241 0.2287
vn -0.9841 0.0244 0.1759
vn -0.9916 0.0246 0.1268
vn -0.9964 0.0247 0.0814
vn -0.9989 0.0248 0.0392
vn -0.9997 0.0248 0.0001
vn -0.9989 0.0248 -0.0396
vn -0.9963 0.0247 -0.0819
vn -0.9915 0.0246 -0.1276
vn -0.9840 0.0244 -0.1765
vn -0.9731 0.0241 -0.2290
vn -0.9583 0.0238 -0.2847
vn -0.9391 0.0233 -0.3429
vn -0.9145 0.0227 -0.4040
vn -0.8843 0.0219 -0.4665
vn -0.8481 0.0210 -0.5294
vn -0.8057 0.0200 -0.5920
vn -0.7601 0.0189 -0.6496
vn -0.7145 0.0177 -0.6994
vn -0.6666 0.0165 -0.7453
vn -0.6130 0.0152 -0.7899
vn -0.5543 0.0137 -0.8322
vn -0.4909 0.0122 -0.8712
vn -0.4235 0.0105 -0.9058
vn -0.3530 0.0088 -0.9356
vn -0.2809 0.0070 -0.9597
vn -0.2084 0.0052 -0.9780
vn -0.1370 0.0034 -0.9906
vn -0.0673 0.0017 -0.9977
vn -0.0011 -0.0000 -1.0000
vn 0.0637 -0.0016 -0.9980
vn 0.1299 -0.0032 -0.9915
vn 0.1979 -0.0049 -0.9802
vn 0.2670 -0.0066 -0.9637
vn 0.3361 -0.0083 -0.9418
vn 0.4042 -0.0100 -0.9146
vn 0.4701 -0.0117 -0.8826
vn 0.5326 -0.0132 -0.8463
vn 0.5914 -0.0147 -0.8063
vn 0.6453 -0.0160 -0.7638
vn 0.6942 -0.0172 -0.7196
vn 0.9157 -0.0227 -0.4013
vn 0.6852 -0.0170 -0.7281
vn 0.7004 -0.0174 -0.7135
vn 0.7155 -0.0177 -0.6984
vn 0.7304 -0.0181 -0.6827
vn 0.7452 -0.0185 -0.6665
vn 0.7599 -0.0189 -0.6497
vn 0.7744 -0.0192 -0.6324
vn 0.7887 -0.0196 -0.6145
vn 0.8026 -0.0199 -0.5962
vn 0.8164 -0.0203 -0.5772
vn 0.8298 -0.0206 -0.5577
vn 0.8432 -0.0209 -0.5373
vn 0.8562 -0.0212 -0.5162
vn 0.8684 -0.0215 -0.4953
vn 0.8800 -0.0218 -0.4744
vn 0.8911 -0.0221 -0.4534
vn 0.9014 -0.0224 -0.4324
vn 0.9112 -0.0226 -0.4114
vn 0.9204 -0.0228 -0.3904
vn 0.9289 -0.0230 -0.3695
vn 0.9369 -0.0232 -0.3488
vn 0.9443 -0.0234 -0.3283
vn 0.9511 -0.0236 -0.3079
vn 0.9568 -0.0237 -0.2899
vn 0.9623 -0.0239 -0.2711
vn 0.9680 -0.0240 -0.2497
vn 0.9731 -0.0241 -0.2290
vn 0.9776 -0.0243 -0.2092
vn 0.9814 -0.0243 -0.1903
vn 0.9848 -0.0244 -0.1720
vn 0.9877 -0.0245 -0.1545
vn 0.9902 -0.0246 -0.1377
vn 0.9923 -0.0246 -0.1217
vn 0.9940 -0.0247 -0.1064
vn 0.9955 -0.0247 -0.0916
vn 0.6764 -0.0168 -0.7363
vn -0.7549 0.0187 -0.6555
vn -0.9885 0.0245 0.1489
vn -0.9858 0.0245 0.1661
vn -0.9826 0.0244 0.1840
vn -0.9789 0.0243 0.2029
vn -0.9746 0.0242 0.2227
vn -0.9696 0.0241 0.2435
vn -0.9639 0.0239 0.2652
vn -0.9573 0.0237 0.2880
vn -0.9498 0.0236 0.3119
vn -0.9412 0.0233 0.3369
vn -0.9315 0.0231 0.3631
vn -0.9204 0.0228 0.3904
vn -0.9084 0.0225 0.4175
vn -0.8961 0.0222 0.4432
vn -0.8838 0.0219 0.4673
vn -0.8715 0.0216 0.4900
vn -0.8592 0.0213 0.5112
vn -0.8471 0.0210 0.5311
vn -0.8351 0.0207 0.5497
vn -0.8234 0.0204 0.5672
vn -0.8118 0.0201 0.5836
vn -0.8005 0.0199 0.5990
vn -0.7895 0.0196 0.6135
vn -0.8998 0.0223 -0.4357
vt 0.640625 0.000000
vt 0.609375 0.000000
vt 0.625000 0.000000
vt 0.593750 0.000000
vt 0.656250 0.000000
vt 0.578125 0.000000
vt 0.671875 0.000000
vt 0.562500 0.000000
vt 0.687500 0.000000
vt 0.546875 0.000000
vt 0.703125 0.000000
vt 0.531250 0.000000
vt 0.515625 0.000000
vt 0.718750 0.000000
vt 0.062500 0.000000
vt 0.031250 0.000000
vt 0.046875 0.000000
vt 0.078125 0.000000
vt 0.234375 0.000000
vt 0.984375 0.000000
vt 0.218750 0.000000
vt 1.000000 0.000000
vt 0.203125 0.000000
vt 0.187500 0.000000
vt 0.171875 0.000000
vt 0.156250 0.000000
vt 0.140625 0.000000
vt 0.125000 0.000000
vt 0.109375 0.000000
vt 0.093750 0.000000
vt 0.500000 0.000000
vt 0.734375 0.000000
vt 0.484375 0.000000
vt 0.750000 0.000000
vt 0.468750 0.000000
vt 0.765625 0.000000
vt 0.453125 0.000000
vt 0.781250 0.000000
vt 0.437500 0.000000
vt 0.796875 0.000000
vt 0.421875 0.000000
vt 0.812500 0.000000
vt 0.406250 0.000000
vt 0.828125 0.000000
vt 0.390625 0.000000
vt 0.843750 0.000000
vt 0.375000 0.000000
vt 0.859375 0.000000
vt 0.359375 0.000000
vt 0.875000 0.000000
vt 0.343750 0.000000
vt 0.890625 0.000000
vt 0.328125 0.000000
vt 0.906250 0.000000
vt 0.312500 0.000000
vt 0.921875 0.000000
vt 0.296875 0.000000
vt 0.937500 0.000000
vt 0.281250 0.000000
vt 0.953125 0.000000
vt 0.265625 0.000000
vt 0.968750 0.000000
vt 0.250000 0.000000
vt 0.015625 0.000000
vt 0.000000 0.000000
vt 0.722222 0.000000
vt 0.188272 0.000000
vt 0.719136 0.000000
vt 0.506173 0.000000
vt 0.768519 0.000000
vt 0.503086 0.000000
vt 0.765432 0.000000
vt 0.509259 0.000000
vt 0.512346 0.000000
vt 0.762346 0.000000
vt 0.515432 0.000000
vt 0.759259 0.000000
vt 0.518519 0.000000
vt 0.756173 0.000000
vt 0.521605 0.000000
vt 0.524691 0.000000
vt 0.753086 0.000000
vt 0.527778 0.000000
vt 0.530864 0.000000
vt 0.746914 0.000000
vt 0.533951 0.000000
vt 0.743827 0.000000
vt 0.537037 0.000000
vt 0.740741 0.000000
vt 0.540123 0.000000
vt 0.737654 0.000000
vt 0.543210 0.000000
vt 0.734568 0.000000
vt 0.546296 0.000000
vt 0.731481 0.000000
vt 0.549383 0.000000
vt 0.728395 0.000000
vt 0.552469 0.000000
vt 0.725309 0.000000
vt 0.555556 0.000000
vt 0.558642 0.000000
vt 0.561728 0.000000
vt 0.564815 0.000000
vt 0.567901 0.000000
vt 0.185185 0.000000
vt 0.570988 0.000000
vt 0.182099 0.000000
vt 0.179012 0.000000
vt 0.574074 0.000000
vt 0.175926 0.000000
vt 0.577160 0.000000
vt 0.172840 0.000000
vt 0.580247 0.000000
vt 0.169753 0.000000
vt 0.583333 0.000000
vt 0.166667 0.000000
vt 0.586420 0.000000
vt 0.163580 0.000000
vt 0.589506 0.000000
vt 0.160494 0.000000
vt 0.592593 0.000000
vt 0.811728 0.000000
vt 0.453704 0.000000
vt 0.808642 0.000000
vt 0.814815 0.000000
vt 0.817901 0.000000
vt 0.450617 0.000000
vt 0.114198 0.000000
vt 0.117284 0.000000
vt 0.632716 0.000000
vt 0.104938 0.000000
vt 0.108025 0.000000
vt 0.635802 0.000000
vt 0.111111 0.000000
vt 0.447531 0.000000
vt 0.820988 0.000000
vt 0.240741 0.000000
vt 0.962963 0.000000
vt 0.237654 0.000000
vt 0.959877 0.000000
vt 0.243827 0.000000
vt 0.222222 0.000000
vt 0.969136 0.000000
vt 0.972222 0.000000
vt 0.225309 0.000000
vt 0.228395 0.000000
vt 0.966049 0.000000
vt 0.231481 0.000000
vt 0.234568 0.000000
vt 0.629630 0.000000
vt 0.120370 0.000000
vt 0.456790 0.000000
vt 0.805556 0.000000
vt 0.459877 0.000000
vt 0.802469 0.000000
vt 0.462963 0.000000
vt 0.799383 0.000000
vt 0.200617 0.000000
vt 0.981481 0.000000
vt 0.984568 0.000000
vt 0.203704 0.000000
vt 0.978395 0.000000
vt 0.206790 0.000000
vt 0.209877 0.000000
vt 0.975309 0.000000
vt 0.212963 0.000000
vt 0.216049 0.000000
vt 0.219136 0.000000
vt 0.129630 0.000000
vt 0.623457 0.000000
vt 0.126543 0.000000
vt 0.123457 0.000000
vt 0.626543 0.000000
vt 0.466049 0.000000
vt 0.796296 0.000000
vt 0.469136 0.000000
vt 0.793210 0.000000
vt 0.472222 0.000000
vt 0.790123 0.000000
vt 0.475309 0.000000
vt 0.787037 0.000000
vt 0.478395 0.000000
vt 0.783951 0.000000
vt 0.481481 0.000000
vt 0.780864 0.000000
vt 0.484568 0.000000
vt 0.487654 0.000000
vt 0.777778 0.000000
vt 0.490741 0.000000
vt 0.493827 0.000000
vt 0.774691 0.000000
vt 0.496914 0.000000
vt 0.771605 0.000000
vt 0.716049 0.000000
vt 0.712963 0.000000
vt 0.709877 0.000000
vt 0.706790 0.000000
vt 0.996914 0.000000
vt 0.993827 0.000000
vt 0.990741 0.000000
vt 0.191358 0.000000
vt 0.987654 0.000000
vt 0.194444 0.000000
vt 0.197531 0.000000
vt 0.157407 0.000000
vt 0.595679 0.000000
vt 0.154321 0.000000
vt 0.598765 0.000000
vt 0.151235 0.000000
vt 0.601852 0.000000
vt 0.148148 0.000000
vt 0.604938 0.000000
vt 0.145062 0.000000
vt 0.608025 0.000000
vt 0.141975 0.000000
vt 0.611111 0.000000
vt 0.138889 0.000000
vt 0.614198 0.000000
vt 0.135802 0.000000
vt 0.617284 0.000000
vt 0.132716 0.000000
vt 0.620370 0.000000
vt 0.246914 0.000000
vt 0.956790 0.000000
vt 0.253086 0.000000
vt 0.953704 0.000000
vt 0.827160 0.000000
vt 0.438272 0.000000
vt 0.441358 0.000000
vt 0.830247 0.000000
vt 0.833333 0.000000
vt 0.950617 0.000000
vt 0.262346 0.000000
vt 0.947531 0.000000
vt 0.259259 0.000000
vt 0.256173 0.000000
vt 0.095679 0.000000
vt 0.645062 0.000000
vt 0.092593 0.000000
vt 0.641975 0.000000
vt 0.098765 0.000000
vt 0.435185 0.000000
vt 0.836420 0.000000
vt 0.432099 0.000000
vt 0.839506 0.000000
vt 0.429012 0.000000
vt 0.268519 0.000000
vt 0.944444 0.000000
vt 0.265432 0.000000
vt 0.086420 0.000000
vt 0.654321 0.000000
vt 0.083333 0.000000
vt 0.651235 0.000000
vt 0.089506 0.000000
vt 0.648148 0.000000
vt 0.345679 0.000000
vt 0.888889 0.000000
vt 0.342593 0.000000
vt 0.891975 0.000000
vt 0.339506 0.000000
vt 0.336420 0.000000
vt 0.024691 0.000000
vt 0.043210 0.000000
vt 0.021605 0.000000
vt 0.425926 0.000000
vt 0.842593 0.000000
vt 0.422839 0.000000
vt 0.845679 0.000000
vt 0.419753 0.000000
vt 0.848765 0.000000
vt 0.416667 0.000000
vt 0.851852 0.000000
vt 0.413580 0.000000
vt 0.410494 0.000000
vt 0.854938 0.000000
vt 0.407407 0.000000
vt 0.404321 0.000000
vt 0.858025 0.000000
vt 0.401235 0.000000
vt 0.398148 0.000000
vt 0.861111 0.000000
vt 0.395062 0.000000
vt 0.391975 0.000000
vt 0.864198 0.000000
vt 0.388889 0.000000
vt 0.385802 0.000000
vt 0.867284 0.000000
vt 0.382716 0.000000
vt 0.379630 0.000000
vt 0.870370 0.000000
vt 0.376543 0.000000
vt 0.373457 0.000000
vt 0.873457 0.000000
vt 0.370370 0.000000
vt 0.876543 0.000000
vt 0.367284 0.000000
vt 0.364198 0.000000
vt 0.879630 0.000000
vt 0.361111 0.000000
vt 0.358025 0.000000
vt 0.882716 0.000000
vt 0.354938 0.000000
vt 0.351852 0.000000
vt 0.885802 0.000000
vt 0.348765 0.000000
vt 0.895062 0.000000
vt 0.333333 0.000000
vt 0.898148 0.000000
vt 0.330247 0.000000
vt 0.901235 0.000000
vt 0.327161 0.000000
vt 0.324074 0.000000
vt 0.904321 0.000000
vt 0.320988 0.000000
vt 0.907407 0.000000
vt 0.317901 0.000000
vt 0.314815 0.000000
vt 0.910494 0.000000
vt 0.311728 0.000000
vt 0.913580 0.000000
vt 0.308642 0.000000
vt 0.305556 0.000000
vt 0.916667 0.000000
vt 0.302469 0.000000
vt 0.919753 0.000000
vt 0.299383 0.000000
vt 0.922840 0.000000
vt 0.296296 0.000000
vt 0.293210 0.000000
vt 0.925926 0.000000
vt 0.290123 0.000000
vt 0.929012 0.000000
vt 0.287037 0.000000
vt 0.932099 0.000000
vt 0.283951 0.000000
vt 0.280864 0.000000
vt 0.935185 0.000000
vt 0.277778 0.000000
vt 0.938272 0.000000
vt 0.274691 0.000000
vt 0.941358 0.000000
vt 0.271605 0.000000
vt 0.018519 0.000000
vt 0.046296 0.000000
vt 0.015432 0.000000
vt 0.012346 0.000000
vt 0.049383 0.000000
vt 0.009259 0.000000
vt 0.006173 0.000000
vt 0.052469 0.000000
vt 0.003086 0.000000
vt 0.055556 0.000000
vt 0.703704 0.000000
vt 0.700617 0.000000
vt 0.058642 0.000000
vt 0.697531 0.000000
vt 0.694444 0.000000
vt 0.061728 0.000000
vt 0.691358 0.000000
vt 0.688272 0.000000
vt 0.064815 0.000000
vt 0.685185 0.000000
vt 0.682099 0.000000
vt 0.067901 0.000000
vt 0.679012 0.000000
vt 0.675926 0.000000
vt 0.070988 0.000000
vt 0.672840 0.000000
vt 0.669753 0.000000
vt 0.074074 0.000000
vt 0.666667 0.000000
vt 0.663580 0.000000
vt 0.077160 0.000000
vt 0.660494 0.000000
vt 0.080247 0.000000
vt 0.657407 0.000000
vt 0.444444 0.000000
vt 0.824074 0.000000
vt 0.101852 0.000000
vt 0.638889 0.000000
vt 0.037037 0.000000
vt 0.040123 0.000000
vt 0.033951 0.000000
vt 0.030864 0.000000
vt 0.027778 0.000000
vt 0.838710 0.000000
vt 0.870968 0.000000
vt 0.032258 0.000000
vt 0.129032 0.000000
vt 0.064516 0.000000
vt 0.096774 0.000000
vt 0.903226 0.000000
vt 0.161290 0.000000
vt 0.258065 0.000000
vt 0.193548 0.000000
vt 0.774194 0.000000
vt 0.806452 0.000000
vt 0.741935 0.000000
vt 0.935484 0.000000
vt 0.645161 0.000000
vt 0.709677 0.000000
vt 0.612903 0.000000
vt 0.967742 0.000000
vt 0.580645 0.000000
vt 0.516129 0.000000
vt 0.548387 0.000000
vt 0.387097 0.000000
vt 0.451613 0.000000
vt 0.483871 0.000000
vt 0.419355 0.000000
vt 0.290323 0.000000
vt 0.322581 0.000000
vt 0.354839 0.000000
vt 0.677419 0.000000
vt 0.225806 0.000000
vt 0.000000 1.000000
vt 0.035714 0.000000
vt 0.035714 1.000000
vt 0.071429 0.000000
vt 0.071429 1.000000
vt 0.107143 0.000000
vt 0.107143 1.000000
vt 0.142857 0.000000
vt 0.142857 1.000000
vt 0.178571 0.000000
vt 0.178571 1.000000
vt 0.214286 0.000000
vt 0.214286 1.000000
vt 0.250000 1.000000
vt 0.285714 0.000000
vt 0.285714 1.000000
vt 0.321429 0.000000
vt 0.321429 1.000000
vt 0.357143 0.000000
vt 0.357143 1.000000
vt 0.392857 0.000000
vt 0.392857 1.000000
vt 0.428571 0.000000
vt 0.428571 1.000000
vt 0.464286 0.000000
vt 0.464286 1.000000
vt 0.500000 1.000000
vt 0.535714 0.000000
vt 0.535714 1.000000
vt 0.571429 0.000000
vt 0.571429 1.000000
vt 0.607143 0.000000
vt 0.607143 1.000000
vt 0.642857 0.000000
vt 0.642857 1.000000
vt 0.678571 0.000000
vt 0.678571 1.000000
vt 0.714286 0.000000
vt 0.714286 1.000000
vt 0.750000 1.000000
vt 0.785714 0.000000
vt 0.785714 1.000000
vt 0.821429 0.000000
vt 0.821429 1.000000
vt 0.857143 0.000000
vt 0.857143 1.000000
vt 0.892857 0.000000
vt 0.892857 1.000000
vt 0.928571 0.000000
vt 0.928571 1.000000
vt 0.964286 0.000000
vt 0.964286 1.000000
vt 1.000000 1.000000
vt 0.004367 0.000000
vt 0.004367 1.000000
vt 0.008734 0.000000
vt 0.008734 1.000000
vt 0.013100 0.000000
vt 0.013100 1.000000
vt 0.017467 0.000000
vt 0.017467 1.000000
vt 0.021834 0.000000
vt 0.021834 1.000000
vt 0.026201 0.000000
vt 0.026201 1.000000
vt 0.030568 0.000000
vt 0.030568 1.000000
vt 0.034934 0.000000
vt 0.034934 1.000000
vt 0.039301 0.000000
vt 0.039301 1.000000
vt 0.043668 0.000000
vt 0.043668 1.000000
vt 0.048035 0.000000
vt 0.048035 1.000000
vt 0.052402 0.000000
vt 0.052402 1.000000
vt 0.056769 0.000000
vt 0.056769 1.000000
vt 0.061135 0.000000
vt 0.061135 1.000000
vt 0.065502 0.000000
vt 0.065502 1.000000
vt 0.069869 0.000000
vt 0.069869 1.000000
vt 0.074236 0.000000
vt 0.074236 1.000000
vt 0.078603 0.000000
vt 0.078603 1.000000
vt 0.082969 0.000000
vt 0.082969 1.000000
vt 0.087336 0.000000
vt 0.087336 1.000000
vt 0.091703 0.000000
vt 0.091703 1.000000
vt 0.096070 0.000000
vt 0.096070 1.000000
vt 0.100437 0.000000
vt 0.100437 1.000000
vt 0.104803 0.000000
vt 0.104803 1.000000
vt 0.109170 0.000000
vt 0.109170 1.000000
vt 0.113537 0.000000
vt 0.113537 1.000000
vt 0.117904 0.000000
vt 0.117904 1.000000
vt 0.122271 0.000000
vt 0.122271 1.000000
vt 0.126638 0.000000
vt 0.126638 1.000000
vt 0.131004 0.000000
vt 0.131004 1.000000
vt 0.135371 0.000000
vt 0.135371 1.000000
vt 0.139738 0.000000
vt 0.139738 1.000000
vt 0.144105 0.000000
vt 0.144105 1.000000
vt 0.148472 0.000000
vt 0.148472 1.000000
vt 0.152838 0.000000
vt 0.152838 1.000000
vt 0.157205 0.000000
vt 0.157205 1.000000
vt 0.161572 0.000000
vt 0.161572 1.000000
vt 0.165939 0.000000
vt 0.165939 1.000000
vt 0.170306 0.000000
vt 0.170306 1.000000
vt 0.174672 0.000000
vt 0.174672 1.000000
vt 0.179039 0.000000
vt 0.179039 1.000000
vt 0.183406 0.000000
vt 0.183406 1.000000
vt 0.187773 0.000000
vt 0.187773 1.000000
vt 0.192140 0.000000
vt 0.192140 1.000000
vt 0.196507 0.000000
vt 0.196507 1.000000
vt 0.200873 0.000000
vt 0.200873 1.000000
vt 0.205240 0.000000
vt 0.205240 1.000000
vt 0.209607 0.000000
vt 0.209607 1.000000
vt 0.213974 0.000000
vt 0.213974 1.000000
vt 0.218341 0.000000
vt 0.218341 1.000000
vt 0.222707 0.000000
vt 0.222707 1.000000
vt 0.227074 0.000000
vt 0.227074 1.000000
vt 0.231441 0.000000
vt 0.231441 1.000000
vt 0.235808 0.000000
vt 0.235808 1.000000
vt 0.240175 0.000000
vt 0.240175 1.000000
vt 0.244541 0.000000
vt 0.244541 1.000000
vt 0.248908 0.000000
vt 0.248908 1.000000
vt 0.253275 0.000000
vt 0.253275 1.000000
vt 0.257642 0.000000
vt 0.257642 1.000000
vt 0.262009 0.000000
vt 0.262009 1.000000
vt 0.266376 0.000000
vt 0.266376 1.000000
vt 0.270742 0.000000
vt 0.270742 1.000000
vt 0.275109 0.000000
vt 0.275109 1.000000
vt 0.279476 0.000000
vt 0.279476 1.000000
vt 0.283843 0.000000
vt 0.283843 1.000000
vt 0.288210 0.000000
vt 0.288210 1.000000
vt 0.292576 0.000000
vt 0.292576 1.000000
vt 0.296943 0.000000
vt 0.296943 1.000000
vt 0.301310 0.000000
vt 0.301310 1.000000
vt 0.305677 0.000000
vt 0.305677 1.000000
vt 0.310044 0.000000
vt 0.310044 1.000000
vt 0.314410 0.000000
vt 0.314410 1.000000
vt 0.318777 0.000000
vt 0.318777 1.000000
vt 0.323144 0.000000
vt 0.323144 1.000000
vt 0.327511 0.000000
vt 0.327511 1.000000
vt 0.331878 0.000000
vt 0.331878 1.000000
vt 0.336245 0.000000
vt 0.336245 1.000000
vt 0.340611 0.000000
vt 0.340611 1.000000
vt 0.344978 0.000000
vt 0.344978 1.000000
vt 0.349345 0.000000
vt 0.349345 1.000000
vt 0.353712 0.000000
vt 0.353712 1.000000
vt 0.358079 0.000000
vt 0.358079 1.000000
vt 0.362445 0.000000
vt 0.362445 1.000000
vt 0.366812 0.000000
vt 0.366812 1.000000
vt 0.371179 0.000000
vt 0.371179 1.000000
vt 0.375546 0.000000
vt 0.375546 1.000000
vt 0.379913 0.000000
vt 0.379913 1.000000
vt 0.384279 0.000000
vt 0.384279 1.000000
vt 0.388646 0.000000
vt 0.388646 1.000000
vt 0.393013 0.000000
vt 0.393013 1.000000
vt 0.397380 0.000000
vt 0.397380 1.000000
vt 0.401747 0.000000
vt 0.401747 1.000000
vt 0.406114 0.000000
vt 0.406114 1.000000
vt 0.410480 0.000000
vt 0.410480 1.000000
vt 0.414847 0.000000
vt 0.414847 1.000000
vt 0.419214 0.000000
vt 0.419214 1.000000
vt 0.423581 0.000000
vt 0.423581 1.000000
vt 0.427948 0.000000
vt 0.427948 1.000000
vt 0.432314 0.000000
vt 0.432314 1.000000
vt 0.436681 0.000000
vt 0.436681 1.000000
vt 0.441048 0.000000
vt 0.441048 1.000000
vt 0.445415 0.000000
vt 0.445415 1.000000
vt 0.449782 0.000000
vt 0.449782 1.000000
vt 0.454148 0.000000
vt 0.454148 1.000000
vt 0.458515 0.000000
vt 0.458515 1.000000
vt 0.462882 0.000000
vt 0.462882 1.000000
vt 0.467249 0.000000
vt 0.467249 1.000000
vt 0.471616 0.000000
vt 0.471616 1.000000
vt 0.475983 0.000000
vt 0.475983 1.000000
vt 0.480349 0.000000
vt 0.480349 1.000000
vt 0.484716 0.000000
vt 0.484716 1.000000
vt 0.489083 0.000000
vt 0.489083 1.000000
vt 0.493450 0.000000
vt 0.493450 1.000000
vt 0.497817 0.000000
vt 0.497817 1.000000
vt 0.502183 0.000000
vt 0.502183 1.000000
vt 0.506550 0.000000
vt 0.506550 1.000000
vt 0.510917 0.000000
vt 0.510917 1.000000
vt 0.515284 0.000000
vt 0.515284 1.000000
vt 0.519651 0.000000
vt 0.519651 1.000000
vt 0.524017 0.000000
vt 0.524017 1.000000
vt 0.528384 0.000000
vt 0.528384 1.000000
vt 0.532751 0.000000
vt 0.532751 1.000000
vt 0.537118 0.000000
vt 0.537118 1.000000
vt 0.541485 0.000000
vt 0.541485 1.000000
vt 0.545852 0.000000
vt 0.545852 1.000000
vt 0.550218 0.000000
vt 0.550218 1.000000
vt 0.554585 0.000000
vt 0.554585 1.000000
vt 0.558952 0.000000
vt 0.558952 1.000000
vt 0.563319 0.000000
vt 0.563319 1.000000
vt 0.567686 0.000000
vt 0.567686 1.000000
vt 0.572052 0.000000
vt 0.572052 1.000000
vt 0.576419 0.000000
vt 0.576419 1.000000
vt 0.580786 0.000000
vt 0.580786 1.000000
vt 0.585153 0.000000
vt 0.585153 1.000000
vt 0.589520 0.000000
vt 0.589520 1.000000
vt 0.593886 0.000000
vt 0.593886 1.000000
vt 0.598253 0.000000
vt 0.598253 1.000000
vt 0.602620 0.000000
vt 0.602620 1.000000
vt 0.606987 0.000000
vt 0.606987 1.000000
vt 0.611354 0.000000
vt 0.611354 1.000000
vt 0.615721 0.000000
vt 0.615721 1.000000
vt 0.620087 0.000000
vt 0.620087 1.000000
vt 0.624454 0.000000
vt 0.624454 1.000000
vt 0.628821 0.000000
vt 0.628821 1.000000
vt 0.633188 0.000000
vt 0.633188 1.000000
vt 0.637555 0.000000
vt 0.637555 1.000000
vt 0.641921 0.000000
vt 0.641921 1.000000
vt 0.646288 0.000000
vt 0.646288 1.000000
vt 0.650655 0.000000
vt 0.650655 1.000000
vt 0.655022 0.000000
vt 0.655022 1.000000
vt 0.659389 0.000000
vt 0.659389 1.000000
vt 0.663755 0.000000
vt 0.663755 1.000000
vt 0.668122 0.000000
vt 0.668122 1.000000
vt 0.672489 0.000000
vt 0.672489 1.000000
vt 0.676856 0.000000
vt 0.676856 1.000000
vt 0.681223 0.000000
vt 0.681223 1.000000
vt 0.685589 0.000000
vt 0.685589 1.000000
vt 0.689956 0.000000
vt 0.689956 1.000000
vt 0.694323 0.000000
vt 0.694323 1.000000
vt 0.698690 0.000000
vt 0.698690 1.000000
vt 0.703057 0.000000
vt 0.703057 1.000000
vt 0.707424 0.000000
vt 0.707424 1.000000
vt 0.711790 0.000000
vt 0.711790 1.000000
vt 0.716157 0.000000
vt 0.716157 1.000000
vt 0.720524 0.000000
vt 0.720524 1.000000
vt 0.724891 0.000000
vt 0.724891 1.000000
vt 0.729258 0.000000
vt 0.729258 1.000000
vt 0.733624 0.000000
vt 0.733624 1.000000
vt 0.737991 0.000000
vt 0.737991 1.000000
vt 0.742358 0.000000
vt 0.742358 1.000000
vt 0.746725 0.000000
vt 0.746725 1.000000
vt 0.751092 0.000000
vt 0.751092 1.000000
vt 0.755459 0.000000
vt 0.755459 1.000000
vt 0.759825 0.000000
vt 0.759825 1.000000
vt 0.764192 0.000000
vt 0.764192 1.000000
vt 0.768559 0.000000
vt 0.768559 1.000000
vt 0.772926 0.000000
vt 0.772926 1.000000
vt 0.777293 0.000000
vt 0.777293 1.000000
vt 0.781659 0.000000
vt 0.781659 1.000000
vt 0.786026 0.000000
vt 0.786026 1.000000
vt 0.790393 0.000000
vt 0.790393 1.000000
vt 0.794760 0.000000
vt 0.794760 1.000000
vt 0.799127 0.000000
vt 0.799127 1.000000
vt 0.803493 0.000000
vt 0.803493 1.000000
vt 0.807860 0.000000
vt 0.807860 1.000000
vt 0.812227 0.000000
vt 0.812227 1.000000
vt 0.816594 0.000000
vt 0.816594 1.000000
vt 0.820961 0.000000
vt 0.820961 1.000000
vt 0.825328 0.000000
vt 0.825328 1.000000
vt 0.829694 0.000000
vt 0.829694 1.000000
vt 0.834061 0.000000
vt 0.834061 1.000000
vt 0.838428 0.000000
vt 0.838428 1.000000
vt 0.842795 0.000000
vt 0.842795 1.000000
vt 0.847162 0.000000
vt 0.847162 1.000000
vt 0.851528 0.000000
vt 0.851528 1.000000
vt 0.855895 0.000000
vt 0.855895 1.000000
vt 0.860262 0.000000
vt 0.860262 1.000000
vt 0.864629 0.000000
vt 0.864629 1.000000
vt 0.868996 0.000000
vt 0.868996 1.000000
vt 0.873362 0.000000
vt 0.873362 1.000000
vt 0.877729 0.000000
vt 0.877729 1.000000
vt 0.882096 0.000000
vt 0.882096 1.000000
vt 0.886463 0.000000
vt 0.886463 1.000000
vt 0.890830 0.000000
vt 0.890830 1.000000
vt 0.895196 0.000000
vt 0.895196 1.000000
vt 0.899563 0.000000
vt 0.899563 1.000000
vt 0.903930 0.000000
vt 0.903930 1.000000
vt 0.908297 0.000000
vt 0.908297 1.000000
vt 0.912664 0.000000
vt 0.912664 1.000000
vt 0.917031 0.000000
vt 0.917031 1.000000
vt 0.921397 0.000000
vt 0.921397 1.000000
vt 0.925764 0.000000
vt 0.925764 1.000000
vt 0.930131 0.000000
vt 0.930131 1.000000
vt 0.934498 0.000000
vt 0.934498 1.000000
vt 0.938865 0.000000
vt 0.938865 1.000000
vt 0.943231 0.000000
vt 0.943231 1.000000
vt 0.947598 0.000000
vt 0.947598 1.000000
vt 0.951965 0.000000
vt 0.951965 1.000000
vt 0.956332 0.000000
vt 0.956332 1.000000
vt 0.960699 0.000000
vt 0.960699 1.000000
vt 0.965065 0.000000
vt 0.965065 1.000000
vt 0.969432 0.000000
vt 0.969432 1.000000
vt 0.973799 0.000000
vt 0.973799 1.000000
vt 0.978166 0.000000
vt 0.978166 1.000000
vt 0.982533 0.000000
vt 0.982533 1.000000
vt 0.986900 0.000000
vt 0.986900 1.000000
vt 0.991266 0.000000
vt 0.991266 1.000000
vt 0.995633 0.000000
vt 0.995633 1.000000
vt 0.010417 0.000000
vt 0.010417 1.000000
vt 0.020833 0.000000
vt 0.020833 1.000000
vt 0.031250 1.000000
vt 0.041667 0.000000
vt 0.041667 1.000000
vt 0.052083 0.000000
vt 0.052083 1.000000
vt 0.062500 1.000000
vt 0.072917 0.000000
vt 0.072917 1.000000
vt 0.083333 1.000000
vt 0.093750 1.000000
vt 0.104167 0.000000
vt 0.104167 1.000000
vt 0.114583 0.000000
vt 0.114583 1.000000
vt 0.125000 1.000000
vt 0.135417 0.000000
vt 0.135417 1.000000
vt 0.145833 0.000000
vt 0.145833 1.000000
vt 0.156250 1.000000
vt 0.166667 1.000000
vt 0.177083 0.000000
vt 0.177083 1.000000
vt 0.187500 1.000000
vt 0.197917 0.000000
vt 0.197917 1.000000
vt 0.208333 0.000000
vt 0.208333 1.000000
vt 0.218750 1.000000
vt 0.229167 0.000000
vt 0.229167 1.000000
vt 0.239583 0.000000
vt 0.239583 1.000000
vt 0.260417 0.000000
vt 0.260417 1.000000
vt 0.270833 0.000000
vt 0.270833 1.000000
vt 0.281250 1.000000
vt 0.291667 0.000000
vt 0.291667 1.000000
vt 0.302083 0.000000
vt 0.302083 1.000000
vt 0.312500 1.000000
vt 0.322917 0.000000
vt 0.322917 1.000000
vt 0.333333 1.000000
vt 0.343750 1.000000
vt 0.354167 0.000000
vt 0.354167 1.000000
vt 0.364583 0.000000
vt 0.364583 1.000000
vt 0.375000 1.000000
vt 0.385417 0.000000
vt 0.385417 1.000000
vt 0.395833 0.000000
vt 0.395833 1.000000
vt 0.406250 1.000000
vt 0.416667 1.000000
vt 0.427083 0.000000
vt 0.427083 1.000000
vt 0.437500 1.000000
vt 0.447917 0.000000
vt 0.447917 1.000000
vt 0.458333 0.000000
vt 0.458333 1.000000
vt 0.468750 1.000000
vt 0.479167 0.000000
vt 0.479167 1.000000
vt 0.489583 0.000000
vt 0.489583 1.000000
vt 0.510417 0.000000
vt 0.510417 1.000000
vt 0.520833 0.000000
vt 0.520833 1.000000
vt 0.531250 1.000000
vt 0.541667 0.000000
vt 0.541667 1.000000
vt 0.552083 0.000000
vt 0.552083 1.000000
vt 0.562500 1.000000
vt 0.572917 0.000000
vt 0.572917 1.000000
vt 0.583333 1.000000
vt 0.593750 1.000000
vt 0.604167 0.000000
vt 0.604167 1.000000
vt 0.614583 0.000000
vt 0.614583 1.000000
vt 0.625000 1.000000
vt 0.635417 0.000000
vt 0.635417 1.000000
vt 0.645833 0.000000
vt 0.645833 1.000000
vt 0.656250 1.000000
vt 0.666667 1.000000
vt 0.677083 0.000000
vt 0.677083 1.000000
vt 0.687500 1.000000
vt 0.697917 0.000000
vt 0.697917 1.000000
vt 0.708333 0.000000
vt 0.708333 1.000000
vt 0.718750 1.000000
vt 0.729167 0.000000
vt 0.729167 1.000000
vt 0.739583 0.000000
vt 0.739583 1.000000
vt 0.760417 0.000000
vt 0.760417 1.000000
vt 0.770833 0.000000
vt 0.770833 1.000000
vt 0.781250 1.000000
vt 0.791667 0.000000
vt 0.791667 1.000000
vt 0.802083 0.000000
vt 0.802083 1.000000
vt 0.812500 1.000000
vt 0.822917 0.000000
vt 0.822917 1.000000
vt 0.833333 1.000000
vt 0.843750 1.000000
vt 0.854167 0.000000
vt 0.854167 1.000000
vt 0.864583 0.000000
vt 0.864583 1.000000
vt 0.875000 1.000000
vt 0.885417 0.000000
vt 0.885417 1.000000
vt 0.895833 0.000000
vt 0.895833 1.000000
vt 0.906250 1.000000
vt 0.916667 1.000000
vt 0.927083 0.000000
vt 0.927083 1.000000
vt 0.937500 1.000000
vt 0.947917 0.000000
vt 0.947917 1.000000
vt 0.958333 0.000000
vt 0.958333 1.000000
vt 0.968750 1.000000
vt 0.979167 0.000000
vt 0.979167 1.000000
vt 0.989583 0.000000
vt 0.989583 1.000000
vt 0.015385 0.000000
vt 0.015385 1.000000
vt 0.030769 0.000000
vt 0.030769 1.000000
vt 0.046154 0.000000
vt 0.046154 1.000000
vt 0.061538 0.000000
vt 0.061538 1.000000
vt 0.076923 0.000000
vt 0.076923 1.000000
vt 0.092308 0.000000
vt 0.092308 1.000000
vt 0.107692 0.000000
vt 0.107692 1.000000
vt 0.123077 0.000000
vt 0.123077 1.000000
vt 0.138462 0.000000
vt 0.138462 1.000000
vt 0.153846 0.000000
vt 0.153846 1.000000
vt 0.169231 0.000000
vt 0.169231 1.000000
vt 0.184615 0.000000
vt 0.184615 1.000000
vt 0.200000 0.000000
vt 0.200000 1.000000
vt 0.215385 0.000000
vt 0.215385 1.000000
vt 0.230769 0.000000
vt 0.230769 1.000000
vt 0.246154 0.000000
vt 0.246154 1.000000
vt 0.261538 0.000000
vt 0.261538 1.000000
vt 0.276923 0.000000
vt 0.276923 1.000000
vt 0.292308 0.000000
vt 0.292308 1.000000
vt 0.307692 0.000000
vt 0.307692 1.000000
vt 0.323077 0.000000
vt 0.323077 1.000000
vt 0.338462 0.000000
vt 0.338462 1.000000
vt 0.353846 0.000000
vt 0.353846 1.000000
vt 0.369231 0.000000
vt 0.369231 1.000000
vt 0.384615 0.000000
vt 0.384615 1.000000
vt 0.400000 0.000000
vt 0.400000 1.000000
vt 0.415385 0.000000
vt 0.415385 1.000000
vt 0.430769 0.000000
vt 0.430769 1.000000
vt 0.446154 0.000000
vt 0.446154 1.000000
vt 0.461538 0.000000
vt 0.461538 1.000000
vt 0.476923 0.000000
vt 0.476923 1.000000
vt 0.492308 0.000000
vt 0.492308 1.000000
vt 0.507692 0.000000
vt 0.507692 1.000000
vt 0.523077 0.000000
vt 0.523077 1.000000
vt 0.538462 0.000000
vt 0.538462 1.000000
vt 0.553846 0.000000
vt 0.553846 1.000000
vt 0.569231 0.000000
vt 0.569231 1.000000
vt 0.584615 0.000000
vt 0.584615 1.000000
vt 0.600000 0.000000
vt 0.600000 1.000000
vt 0.615385 0.000000
vt 0.615385 1.000000
vt 0.630769 0.000000
vt 0.630769 1.000000
vt 0.646154 0.000000
vt 0.646154 1.000000
vt 0.661538 0.000000
vt 0.661538 1.000000
vt 0.676923 0.000000
vt 0.676923 1.000000
vt 0.692308 0.000000
vt 0.692308 1.000000
vt 0.707692 0.000000
vt 0.707692 1.000000
vt 0.723077 0.000000
vt 0.723077 1.000000
vt 0.738462 0.000000
vt 0.738462 1.000000
vt 0.753846 0.000000
vt 0.753846 1.000000
vt 0.769231 0.000000
vt 0.769231 1.000000
vt 0.784615 0.000000
vt 0.784615 1.000000
vt 0.800000 0.000000
vt 0.800000 1.000000
vt 0.815385 0.000000
vt 0.815385 1.000000
vt 0.830769 0.000000
vt 0.830769 1.000000
vt 0.846154 0.000000
vt 0.846154 1.000000
vt 0.861538 0.000000
vt 0.861538 1.000000
vt 0.876923 0.000000
vt 0.876923 1.000000
vt 0.892308 0.000000
vt 0.892308 1.000000
vt 0.907692 0.000000
vt 0.907692 1.000000
vt 0.923077 0.000000
vt 0.923077 1.000000
vt 0.938462 0.000000
vt 0.938462 1.000000
vt 0.953846 0.000000
vt 0.953846 1.000000
vt 0.969231 0.000000
vt 0.969231 1.000000
vt 0.984615 0.000000
vt 0.984615 1.000000
s 1
f 348/51/111 346/52/111 347/53/111
f 346/52/111 348/51/111 345/54/111
f 349/55/111 345/54/111 348/51/111
f 345/54/111 349/55/111 344/56/111
f 350/57/111 344/56/111 349/55/111
f 344/56/111 350/57/111 343/58/111
f 351/59/111 343/58/111 350/57/111
f 343/58/111 351/59/111 342/60/111
f 352/61/111 342/60/111 351/59/111
f 342/60/111 352/61/111 341/62/111
f 341/62/111 352/61/111 340/63/111
f 353/64/111 340/63/111 352/61/111
f 311/65/111 309/66/111 310/67/111
f 311/65/111 312/68/111 309/66/111
f 322/69/111 370/70/111 321/71/111
f 371/72/111 321/71/111 370/70/111
f 321/71/111 371/72/111 320/73/111
f 320/73/111 371/72/111 319/74/111
f 319/74/111 371/72/111 318/75/111
f 318/75/111 371/72/111 317/76/111
f 317/76/111 371/72/111 316/77/111
f 316/77/111 371/72/111 315/78/111
f 315/78/111 371/72/111 314/79/111
f 314/79/111 371/72/111 313/80/111
f 313/80/111 371/72/111 312/68/111
f 312/68/111 371/72/111 309/66/111
f 353/64/111 339/81/111 340/63/111
f 354/82/111 339/81/111 353/64/111
f 339/81/111 354/82/111 338/83/111
f 355/84/111 338/83/111 354/82/111
f 338/83/111 355/84/111 337/85/111
f 356/86/111 337/85/111 355/84/111
f 337/85/111 356/86/111 336/87/111
f 357/88/111 336/87/111 356/86/111
f 336/87/111 357/88/111 335/89/111
f 358/90/111 335/89/111 357/88/111
f 335/89/111 358/90/111 334/91/111
f 359/92/111 334/91/111 358/90/111
f 334/91/111 359/92/111 333/93/111
f 360/94/111 333/93/111 359/92/111
f 333/93/111 360/94/111 332/95/111
f 361/96/111 332/95/111 360/94/111
f 332/95/111 361/96/111 331/97/111
f 362/98/111 331/97/111 361/96/111
f 331/97/111 362/98/111 330/99/111
f 363/100/111 330/99/111 362/98/111
f 330/99/111 363/100/111 329/101/111
f 364/102/111 329/101/111 363/100/111
f 329/101/111 364/102/111 328/103/111
f 365/104/111 328/103/111 364/102/111
f 328/103/111 365/104/111 327/105/111
f 366/106/111 327/105/111 365/104/111
f 327/105/111 366/106/111 326/107/111
f 367/108/111 326/107/111 366/106/111
f 326/107/111 367/108/111 325/109/111
f 368/110/111 325/109/111 367/108/111
f 325/109/111 368/110/111 324/111/111
f 369/112/111 324/111/111 368/110/111
f 324/111/111 369/112/111 323/113/111
f 323/113/111 369/112/111 322/69/111
f 322/69/111 369/112/111 370/70/111
f 308/114/111 371/72/111 307/115/111
f 371/72/111 308/114/111 309/66/111
f 606/116/111 433/117/111 605/118/111
f 536/119/111 621/120/111 535/121/111
f 621/120/111 536/119/111 620/122/111
f 537/123/111 620/122/111 536/119/111
f 538/124/111 620/122/111 537/123/111
f 620/122/111 538/124/111 619/125/111
f 539/126/111 619/125/111 538/124/111
f 619/125/111 539/126/111 618/127/111
f 540/128/111 618/127/111 539/126/111
f 618/127/111 540/128/111 617/129/111
f 541/130/111 617/129/111 540/128/111
f 542/131/111 617/129/111 541/130/111
f 617/129/111 542/131/111 616/132/111
f 543/133/111 616/132/111 542/131/111
f 616/132/111 543/133/111 615/84/111
f 544/134/111 615/84/111 543/133/111
f 615/84/111 544/134/111 614/135/111
f 545/136/111 614/135/111 544/134/111
f 614/135/111 545/136/111 613/137/111
f 546/138/111 613/137/111 545/136/111
f 613/137/111 546/138/111 612/139/111
f 547/140/111 612/139/111 546/138/111
f 612/139/111 547/140/111 611/141/111
f 548/142/111 611/141/111 547/140/111
f 611/141/111 548/142/111 610/143/111
f 549/144/111 610/143/111 548/142/111
f 610/143/111 549/144/111 609/145/111
f 550/146/111 609/145/111 549/144/111
f 609/145/111 550/146/111 608/147/111
f 551/148/111 608/147/111 550/146/111
f 608/147/111 551/148/111 607/149/111
f 552/150/111 607/149/111 551/148/111
f 607/149/111 552/150/111 606/116/111
f 606/116/111 552/150/111 433/117/111
f 553/151/111 433/117/111 552/150/111
f 554/152/111 433/117/111 553/151/111
f 555/153/111 433/117/111 554/152/111
f 556/154/111 433/117/111 555/153/111
f 433/117/111 556/154/111 432/155/111
f 557/156/111 432/155/111 556/154/111
f 432/155/111 557/156/111 431/157/111
f 431/157/111 557/156/111 430/158/111
f 558/159/111 430/158/111 557/156/111
f 430/158/111 558/159/111 429/160/111
f 559/161/111 429/160/111 558/159/111
f 429/160/111 559/161/111 428/162/111
f 560/163/111 428/162/111 559/161/111
f 428/162/111 560/163/111 427/164/111
f 561/165/111 427/164/111 560/163/111
f 427/164/111 561/165/111 426/166/111
f 562/167/111 426/166/111 561/165/111
f 426/166/111 562/167/111 425/168/111
f 563/169/111 425/168/111 562/167/111
f 425/168/111 563/169/111 424/170/111
f 564/171/111 424/170/111 563/169/111
f 635/172/111 519/173/111 634/174/111
f 636/175/111 637/176/111 518/177/111
f 409/178/111 410/179/111 577/180/111
f 406/181/111 407/182/111 578/183/111
f 408/184/111 578/183/111 407/182/111
f 637/176/111 517/185/111 518/177/111
f 517/185/111 637/176/111 638/186/111
f 450/187/111 684/188/111 449/189/111
f 684/188/111 450/187/111 683/190/111
f 683/190/111 450/187/111 451/191/111
f 577/180/111 408/184/111 409/178/111
f 408/184/111 577/180/111 578/183/111
f 635/172/111 518/177/111 519/173/111
f 518/177/111 635/172/111 636/175/111
f 444/192/111 686/193/111 687/194/111
f 445/195/111 686/193/111 444/192/111
f 446/196/111 686/193/111 445/195/111
f 686/193/111 446/196/111 685/197/111
f 447/198/111 685/197/111 446/196/111
f 448/199/111 685/197/111 447/198/111
f 685/197/111 448/199/111 684/188/111
f 684/188/111 448/199/111 449/189/111
f 576/200/111 410/179/111 411/201/111
f 410/179/111 576/200/111 577/180/111
f 519/173/111 520/202/111 634/174/111
f 634/174/111 520/202/111 633/203/111
f 521/204/111 633/203/111 520/202/111
f 633/203/111 521/204/111 632/205/111
f 522/206/111 632/205/111 521/204/111
f 632/205/111 522/206/111 631/207/111
f 437/208/111 690/209/111 691/210/111
f 438/211/111 690/209/111 437/208/111
f 690/209/111 438/211/111 689/212/111
f 439/213/111 689/212/111 438/211/111
f 440/214/111 689/212/111 439/213/111
f 689/212/111 440/214/111 688/215/111
f 441/216/111 688/215/111 440/214/111
f 442/217/111 688/215/111 441/216/111
f 688/215/111 442/217/111 687/194/111
f 443/218/111 687/194/111 442/217/111
f 687/194/111 443/218/111 444/192/111
f 414/219/111 574/220/111 413/221/111
f 413/221/111 574/220/111 412/222/111
f 575/223/111 412/222/111 574/220/111
f 412/222/111 575/223/111 411/201/111
f 411/201/111 575/223/111 576/200/111
f 522/206/111 523/224/111 631/207/111
f 631/207/111 523/224/111 630/225/111
f 524/226/111 630/225/111 523/224/111
f 630/225/111 524/226/111 629/227/111
f 525/228/111 629/227/111 524/226/111
f 629/227/111 525/228/111 628/229/111
f 526/230/111 628/229/111 525/228/111
f 628/229/111 526/230/111 627/231/111
f 527/232/111 627/231/111 526/230/111
f 627/231/111 527/232/111 626/233/111
f 528/234/111 626/233/111 527/232/111
f 626/233/111 528/234/111 625/235/111
f 529/236/111 625/235/111 528/234/111
f 530/237/111 625/235/111 529/236/111
f 625/235/111 530/237/111 624/238/111
f 531/239/111 624/238/111 530/237/111
f 532/240/111 624/238/111 531/239/111
f 624/238/111 532/240/111 623/241/111
f 533/242/111 623/241/111 532/240/111
f 623/241/111 533/242/111 622/243/111
f 534/81/111 622/243/111 533/242/111
f 535/121/111 622/243/111 534/81/111
f 621/120/111 622/243/111 535/121/111
f 433/117/111 604/244/111 605/118/111
f 604/244/111 433/117/111 603/245/111
f 603/245/111 433/117/111 602/246/111
f 602/246/111 433/117/111 601/247/111
f 601/247/111 433/117/111 696/72/111
f 696/72/111 433/117/111 695/248/111
f 695/248/111 433/117/111 694/249/111
f 694/249/111 433/117/111 693/250/111
f 434/251/111 693/250/111 433/117/111
f 693/250/111 434/251/111 692/252/111
f 435/253/111 692/252/111 434/251/111
f 692/252/111 435/253/111 691/210/111
f 436/254/111 691/210/111 435/253/111
f 691/210/111 436/254/111 437/208/111
f 564/171/111 423/255/111 424/170/111
f 565/256/111 423/255/111 564/171/111
f 423/255/111 565/256/111 422/257/111
f 566/258/111 422/257/111 565/256/111
f 422/257/111 566/258/111 421/259/111
f 567/260/111 421/259/111 566/258/111
f 421/259/111 567/260/111 420/261/111
f 568/262/111 420/261/111 567/260/111
f 420/261/111 568/262/111 419/263/111
f 569/264/111 419/263/111 568/262/111
f 419/263/111 569/264/111 418/265/111
f 570/266/111 418/265/111 569/264/111
f 418/265/111 570/266/111 417/267/111
f 571/268/111 417/267/111 570/266/111
f 417/267/111 571/268/111 416/269/111
f 572/270/111 416/269/111 571/268/111
f 416/269/111 572/270/111 415/271/111
f 573/272/111 415/271/111 572/270/111
f 415/271/111 573/272/111 414/219/111
f 414/219/111 573/272/111 574/220/111
f 452/273/111 453/113/111 682/274/111
f 682/274/111 454/275/111 681/276/111
f 453/113/111 454/275/111 682/274/111
f 640/277/111 514/278/111 515/279/111
f 641/280/111 514/278/111 640/277/111
f 642/281/111 514/278/111 641/280/111
f 680/282/111 457/283/111 679/284/111
f 457/283/111 680/282/111 456/285/111
f 681/276/111 456/285/111 680/282/111
f 456/285/111 681/276/111 455/286/111
f 454/275/111 455/286/111 681/276/111
f 403/287/111 581/288/111 402/289/111
f 581/288/111 403/287/111 580/290/111
f 404/291/111 580/290/111 403/287/111
f 642/281/111 513/292/111 514/278/111
f 643/293/111 513/292/111 642/281/111
f 513/292/111 643/293/111 512/294/111
f 644/295/111 512/294/111 643/293/111
f 512/294/111 644/295/111 511/296/111
f 459/297/111 678/298/111 458/299/111
f 679/284/111 458/299/111 678/298/111
f 457/283/111 458/299/111 679/284/111
f 400/300/111 584/301/111 399/302/111
f 584/301/111 400/300/111 583/303/111
f 401/304/111 583/303/111 400/300/111
f 583/303/111 401/304/111 582/305/111
f 402/289/111 582/305/111 401/304/111
f 581/288/111 582/305/111 402/289/111
f 484/306/111 660/307/111 483/308/111
f 661/309/111 483/308/111 660/307/111
f 483/308/111 661/309/111 482/310/111
f 482/310/111 661/309/111 481/311/111
f 380/312/111 386/313/111 379/314/111
f 644/295/111 510/315/111 511/296/111
f 645/316/111 510/315/111 644/295/111
f 510/315/111 645/316/111 509/317/111
f 646/318/111 509/317/111 645/316/111
f 509/317/111 646/318/111 508/319/111
f 647/320/111 508/319/111 646/318/111
f 508/319/111 647/320/111 507/321/111
f 648/322/111 507/321/111 647/320/111
f 507/321/111 648/322/111 506/323/111
f 506/323/111 648/322/111 505/324/111
f 649/325/111 505/324/111 648/322/111
f 505/324/111 649/325/111 504/326/111
f 504/326/111 649/325/111 503/327/111
f 650/328/111 503/327/111 649/325/111
f 503/327/111 650/328/111 502/329/111
f 502/329/111 650/328/111 501/330/111
f 651/331/111 501/330/111 650/328/111
f 501/330/111 651/331/111 500/332/111
f 500/332/111 651/331/111 499/333/111
f 652/334/111 499/333/111 651/331/111
f 499/333/111 652/334/111 498/335/111
f 498/335/111 652/334/111 497/336/111
f 653/337/111 497/336/111 652/334/111
f 497/336/111 653/337/111 496/338/111
f 496/338/111 653/337/111 495/339/111
f 654/340/111 495/339/111 653/337/111
f 495/339/111 654/340/111 494/341/111
f 494/341/111 654/340/111 493/342/111
f 655/343/111 493/342/111 654/340/111
f 493/342/111 655/343/111 492/344/111
f 656/345/111 492/344/111 655/343/111
f 492/344/111 656/345/111 491/346/111
f 491/346/111 656/345/111 490/347/111
f 657/348/111 490/347/111 656/345/111
f 490/347/111 657/348/111 489/349/111
f 489/349/111 657/348/111 488/350/111
f 658/351/111 488/350/111 657/348/111
f 488/350/111 658/351/111 487/352/111
f 487/352/111 658/351/111 486/353/111
f 659/354/111 486/353/111 658/351/111
f 486/353/111 659/354/111 485/355/111
f 485/355/111 659/354/111 484/306/111
f 484/306/111 659/354/111 660/307/111
f 661/309/111 662/356/111 481/311/111
f 481/311/111 662/356/111 480/357/111
f 663/358/111 480/357/111 662/356/111
f 480/357/111 663/358/111 479/359/111
f 664/360/111 479/359/111 663/358/111
f 479/359/111 664/360/111 478/361/111
f 478/361/111 664/360/111 477/362/111
f 665/363/111 477/362/111 664/360/111
f 477/362/111 665/363/111 476/364/111
f 666/365/111 476/364/111 665/363/111
f 476/364/111 666/365/111 475/366/111
f 475/366/111 666/365/111 474/367/111
f 667/368/111 474/367/111 666/365/111
f 474/367/111 667/368/111 473/369/111
f 668/370/111 473/369/111 667/368/111
f 473/369/111 668/370/111 472/371/111
f 472/371/111 668/370/111 471/372/111
f 669/373/111 471/372/111 668/370/111
f 471/372/111 669/373/111 470/374/111
f 670/375/111 470/374/111 669/373/111
f 470/374/111 670/375/111 469/376/111
f 671/377/111 469/376/111 670/375/111
f 469/376/111 671/377/111 468/378/111
f 468/378/111 671/377/111 467/379/111
f 672/380/111 467/379/111 671/377/111
f 467/379/111 672/380/111 466/381/111
f 673/382/111 466/381/111 672/380/111
f 466/381/111 673/382/111 465/383/111
f 674/384/111 465/383/111 673/382/111
f 465/383/111 674/384/111 464/385/111
f 464/385/111 674/384/111 463/386/111
f 675/387/111 463/386/111 674/384/111
f 463/386/111 675/387/111 462/388/111
f 676/389/111 462/388/111 675/387/111
f 462/388/111 676/389/111 461/390/111
f 677/391/111 461/390/111 676/389/111
f 461/390/111 677/391/111 460/392/111
f 678/298/111 460/392/111 677/391/111
f 459/297/111 460/392/111 678/298/111
f 379/314/111 386/313/111 378/393/111
f 387/394/111 378/393/111 386/313/111
f 378/393/111 387/394/111 377/395/111
f 377/395/111 387/394/111 376/396/111
f 388/397/111 376/396/111 387/394/111
f 376/396/111 388/397/111 375/398/111
f 375/398/111 388/397/111 374/399/111
f 389/400/111 374/399/111 388/397/111
f 374/399/111 389/400/111 373/401/111
f 373/401/111 389/400/111 372/115/111
f 390/402/111 372/115/111 389/400/111
f 372/115/111 390/402/111 600/403/111
f 600/403/111 390/402/111 599/404/111
f 391/405/111 599/404/111 390/402/111
f 599/404/111 391/405/111 598/406/111
f 598/406/111 391/405/111 597/407/111
f 392/408/111 597/407/111 391/405/111
f 597/407/111 392/408/111 596/409/111
f 596/409/111 392/408/111 595/410/111
f 393/411/111 595/410/111 392/408/111
f 595/410/111 393/411/111 594/412/111
f 594/412/111 393/411/111 593/413/111
f 394/414/111 593/413/111 393/411/111
f 593/413/111 394/414/111 592/415/111
f 592/415/111 394/414/111 591/416/111
f 395/417/111 591/416/111 394/414/111
f 591/416/111 395/417/111 590/418/111
f 590/418/111 395/417/111 589/419/111
f 396/420/111 589/419/111 395/417/111
f 589/419/111 396/420/111 588/421/111
f 588/421/111 396/420/111 587/422/111
f 397/423/111 587/422/111 396/420/111
f 587/422/111 397/423/111 586/424/111
f 398/425/111 586/424/111 397/423/111
f 586/424/111 398/425/111 585/426/111
f 399/302/111 585/426/111 398/425/111
f 584/301/111 585/426/111 399/302/111
f 638/186/111 516/427/111 517/185/111
f 639/428/111 516/427/111 638/186/111
f 516/427/111 639/428/111 515/279/111
f 515/279/111 639/428/111 640/277/111
f 682/274/111 683/190/111 452/273/111
f 451/191/111 452/273/111 683/190/111
f 404/291/111 405/429/111 580/290/111
f 580/290/111 405/429/111 579/430/111
f 406/181/111 579/430/111 405/429/111
f 578/183/111 579/430/111 406/181/111
f 384/431/111 385/432/111 383/433/111
f 383/433/111 385/432/111 382/434/111
f 382/434/111 385/432/111 381/435/111
f 381/435/111 385/432/111 380/312/111
f 386/313/111 380/312/111 385/432/111
f 697/115/111 723/436/111 724/437/111
f 723/436/111 697/115/111 698/438/111
f 701/439/111 699/440/111 700/441/111
f 725/442/111 702/443/111 705/444/111
f 703/445/111 705/444/111 702/443/111
f 723/436/111 721/446/111 722/447/111
f 721/446/111 723/436/111 720/448/111
f 698/438/111 720/448/111 723/436/111
f 720/448/111 698/438/111 726/449/111
f 699/440/111 726/449/111 698/438/111
f 726/449/111 699/440/111 725/442/111
f 725/442/111 699/440/111 702/443/111
f 701/439/111 702/443/111 699/440/111
f 717/450/111 719/451/111 716/452/111
f 727/453/111 716/452/111 719/451/111
f 715/454/111 713/455/111 714/456/111
f 709/457/111 711/458/111 712/459/111
f 711/458/111 709/457/111 710/460/111
f 715/454/111 716/452/111 713/455/111
f 727/453/111 713/455/111 716/452/111
f 728/72/111 713/455/111 727/453/111
f 713/455/111 728/72/111 712/459/111
f 706/461/111 712/459/111 728/72/111
f 712/459/111 706/461/111 709/457/111
f 707/462/111 709/457/111 706/461/111
f 709/457/111 707/462/111 708/463/111
f 717/450/111 718/464/111 719/451/111
f 726/449/111 719/451/111 720/448/111
f 719/451/111 726/449/111 727/453/111
f 705/444/111 728/72/111 725/442/111
f 728/72/111 705/444/111 706/461/111
f 703/445/111 704/465/111 705/444/111
f 770/51/112 769/53/112 768/52/112
f 768/52/112 767/54/112 770/51/112
f 771/55/112 770/51/112 767/54/112
f 767/54/112 766/56/112 771/55/112
f 772/57/112 771/55/112 766/56/112
f 766/56/112 765/58/112 772/57/112
f 773/59/112 772/57/112 765/58/112
f 765/58/112 764/60/112 773/59/112
f 774/61/112 773/59/112 764/60/112
f 764/60/112 763/62/112 774/61/112
f 763/62/112 762/63/112 774/61/112
f 775/64/112 774/61/112 762/63/112
f 733/65/112 732/67/112 731/66/112
f 733/65/112 731/66/112 734/68/112
f 744/69/112 743/71/112 792/70/112
f 793/72/112 792/70/112 743/71/112
f 743/71/112 742/73/112 793/72/112
f 742/73/112 741/74/112 793/72/112
f 741/74/112 740/75/112 793/72/112
f 740/75/112 739/76/112 793/72/112
f 739/76/112 738/77/112 793/72/112
f 738/77/112 737/78/112 793/72/112
f 737/78/112 736/79/112 793/72/112
f 736/79/112 735/80/112 793/72/112
f 735/80/112 734/68/112 793/72/112
f 734/68/112 731/66/112 793/72/112
f 775/64/112 762/63/112 761/81/112
f 776/82/112 775/64/112 761/81/112
f 761/81/112 760/83/112 776/82/112
f 777/84/112 776/82/112 760/83/112
f 760/83/112 759/85/112 777/84/112
f 778/86/112 777/84/112 759/85/112
f 759/85/112 758/87/112 778/86/112
f 779/88/112 778/86/112 758/87/112
f 758/87/112 757/89/112 779/88/112
f 780/90/112 779/88/112 757/89/112
f 757/89/112 756/91/112 780/90/112
f 781/92/112 780/90/112 756/91/112
f 756/91/112 755/93/112 781/92/112
f 782/94/112 781/92/112 755/93/112
f 755/93/112 754/95/112 782/94/112
f 783/96/112 782/94/112 754/95/112
f 754/95/112 753/97/112 783/96/112
f 784/98/112 783/96/112 753/97/112
f 753/97/112 752/99/112 784/98/112
f 785/100/112 784/98/112 752/99/112
f 752/99/112 751/101/112 785/100/112
f 786/102/112 785/100/112 751/101/112
f 751/101/112 750/103/112 786/102/112
f 787/104/112 786/102/112 750/103/112
f 750/103/112 749/105/112 787/104/112
f 788/106/112 787/104/112 749/105/112
f 749/105/112 748/107/112 788/106/112
f 789/108/112 788/106/112 748/107/112
f 748/107/112 747/109/112 789/108/112
f 790/110/112 789/108/112 747/109/112
f 747/109/112 746/111/112 790/110/112
f 791/112/112 790/110/112 746/111/112
f 746/111/112 745/113/112 791/112/112
f 745/113/112 744/69/112 791/112/112
f 744/69/112 792/70/112 791/112/112
f 730/114/112 729/115/112 793/72/112
f 793/72/112 731/66/112 730/114/112
f 1028/116/112 1027/118/112 855/117/112
f 958/119/112 957/121/112 1043/120/112
f 1043/120/112 1042/122/112 958/119/112
f 959/123/112 958/119/112 1042/122/112
f 960/124/112 959/123/112 1042/122/112
f 1042/122/112 1041/125/112 960/124/112
f 961/126/112 960/124/112 1041/125/112
f 1041/125/112 1040/127/112 961/126/112
f 962/128/112 961/126/112 1040/127/112
f 1040/127/112 1039/129/112 962/128/112
f 963/130/112 962/128/112 1039/129/112
f 964/131/112 963/130/112 1039/129/112
f 1039/129/112 1038/132/112 964/131/112
f 965/133/112 964/131/112 1038/132/112
f 1038/132/112 1037/84/112 965/133/112
f 966/134/112 965/133/112 1037/84/112
f 1037/84/112 1036/135/112 966/134/112
f 967/136/112 966/134/112 1036/135/112
f 1036/135/112 1035/137/112 967/136/112
f 968/138/112 967/136/112 1035/137/112
f 1035/137/112 1034/139/112 968/138/112
f 969/140/112 968/138/112 1034/139/112
f 1034/139/112 1033/141/112 969/140/112
f 970/142/112 969/140/112 1033/141/112
f 1033/141/112 1032/143/112 970/142/112
f 971/144/112 970/142/112 1032/143/112
f 1032/143/112 1031/145/112 971/144/112
f 972/146/112 971/144/112 1031/145/112
f 1031/145/112 1030/147/112 972/146/112
f 973/148/112 972/146/112 1030/147/112
f 1030/147/112 1029/149/112 973/148/112
f 974/150/112 973/148/112 1029/149/112
f 1029/149/112 1028/116/112 974/150/112
f 1028/116/112 855/117/112 974/150/112
f 975/151/112 974/150/112 855/117/112
f 976/152/112 975/151/112 855/117/112
f 977/153/112 976/152/112 855/117/112
f 978/154/112 977/153/112 855/117/112
f 855/117/112 854/155/112 978/154/112
f 979/156/112 978/154/112 854/155/112
f 854/155/112 853/157/112 979/156/112
f 853/157/112 852/158/112 979/156/112
f 980/159/112 979/156/112 852/158/112
f 852/158/112 851/160/112 980/159/112
f 981/161/112 980/159/112 851/160/112
f 851/160/112 850/162/112 981/161/112
f 982/163/112 981/161/112 850/162/112
f 850/162/112 849/164/112 982/163/112
f 983/165/112 982/163/112 849/164/112
f 849/164/112 848/166/112 983/165/112
f 984/167/112 983/165/112 848/166/112
f 848/166/112 847/168/112 984/167/112
f 985/169/112 984/167/112 847/168/112
f 847/168/112 846/170/112 985/169/112
f 986/171/112 985/169/112 846/170/112
f 1057/172/112 1056/174/112 941/173/112
f 1058/175/112 940/177/112 1059/176/112
f 831/178/112 999/180/112 832/179/112
f 828/181/112 1000/183/112 829/182/112
f 830/184/112 829/182/112 1000/183/112
f 1059/176/112 940/177/112 939/185/112
f 939/185/112 1060/186/112 1059/176/112
f 872/187/112 871/189/112 1106/188/112
f 1106/188/112 1105/190/112 872/187/112
f 1105/190/112 873/191/112 872/187/112
f 999/180/112 831/178/112 830/184/112
f 830/184/112 1000/183/112 999/180/112
f 1057/172/112 941/173/112 940/177/112
f 940/177/112 1058/175/112 1057/172/112
f 866/192/112 1109/194/112 1108/193/112
f 867/195/112 866/192/112 1108/193/112
f 868/196/112 867/195/112 1108/193/112
f 1108/193/112 1107/197/112 868/196/112
f 869/198/112 868/196/112 1107/197/112
f 870/199/112 869/198/112 1107/197/112
f 1107/197/112 1106/188/112 870/199/112
f 1106/188/112 871/189/112 870/199/112
f 998/200/112 833/201/112 832/179/112
f 832/179/112 999/180/112 998/200/112
f 941/173/112 1056/174/112 942/202/112
f 1056/174/112 1055/203/112 942/202/112
f 943/204/112 942/202/112 1055/203/112
f 1055/203/112 1054/205/112 943/204/112
f 944/206/112 943/204/112 1054/205/112
f 1054/205/112 1053/207/112 944/206/112
f 859/208/112 1113/210/112 1112/209/112
f 860/211/112 859/208/112 1112/209/112
f 1112/209/112 1111/212/112 860/211/112
f 861/213/112 860/211/112 1111/212/112
f 862/214/112 861/213/112 1111/212/112
f 1111/212/112 1110/215/112 862/214/112
f 863/216/112 862/214/112 1110/215/112
f 864/217/112 863/216/112 1110/215/112
f 1110/215/112 1109/194/112 864/217/112
f 865/218/112 864/217/112 1109/194/112
f 1109/194/112 866/192/112 865/218/112
f 836/219/112 835/221/112 996/220/112
f 835/221/112 834/222/112 996/220/112
f 997/223/112 996/220/112 834/222/112
f 834/222/112 833/201/112 997/223/112
f 833/201/112 998/200/112 997/223/112
f 944/206/112 1053/207/112 945/224/112
f 1053/207/112 1052/225/112 945/224/112
f 946/226/112 945/224/112 1052/225/112
f 1052/225/112 1051/227/112 946/226/112
f 947/228/112 946/226/112 1051/227/112
f 1051/227/112 1050/229/112 947/228/112
f 948/230/112 947/228/112 1050/229/112
f 1050/229/112 1049/231/112 948/230/112
f 949/232/112 948/230/112 1049/231/112
f 1049/231/112 1048/233/112 949/232/112
f 950/234/112 949/232/112 1048/233/112
f 1048/233/112 1047/235/112 950/234/112
f 951/236/112 950/234/112 1047/235/112
f 952/237/112 951/236/112 1047/235/112
f 1047/235/112 1046/238/112 952/237/112
f 953/239/112 952/237/112 1046/238/112
f 954/240/112 953/239/112 1046/238/112
f 1046/238/112 1045/241/112 954/240/112
f 955/242/112 954/240/112 1045/241/112
f 1045/241/112 1044/243/112 955/242/112
f 956/81/112 955/242/112 1044/243/112
f 957/121/112 956/81/112 1044/243/112
f 1043/120/112 957/121/112 1044/243/112
f 855/117/112 1027/118/112 1026/244/112
f 1026/244/112 1025/245/112 855/117/112
f 1025/245/112 1024/246/112 855/117/112
f 1024/246/112 1023/247/112 855/117/112
f 1023/247/112 1118/72/112 855/117/112
f 1118/72/112 1117/248/112 855/117/112
f 1117/248/112 1116/249/112 855/117/112
f 1116/249/112 1115/250/112 855/117/112
f 856/251/112 855/117/112 1115/250/112
f 1115/250/112 1114/252/112 856/251/112
f 857/253/112 856/251/112 1114/252/112
f 1114/252/112 1113/210/112 857/253/112
f 858/254/112 857/253/112 1113/210/112
f 1113/210/112 859/208/112 858/254/112
f 986/171/112 846/170/112 845/255/112
f 987/256/112 986/171/112 845/255/112
f 845/255/112 844/257/112 987/256/112
f 988/258/112 987/256/112 844/257/112
f 844/257/112 843/259/112 988/258/112
f 989/260/112 988/258/112 843/259/112
f 843/259/112 842/261/112 989/260/112
f 990/262/112 989/260/112 842/261/112
f 842/261/112 841/263/112 990/262/112
f 991/264/112 990/262/112 841/263/112
f 841/263/112 840/265/112 991/264/112
f 992/266/112 991/264/112 840/265/112
f 840/265/112 839/267/112 992/266/112
f 993/268/112 992/266/112 839/267/112
f 839/267/112 838/269/112 993/268/112
f 994/270/112 993/268/112 838/269/112
f 838/269/112 837/271/112 994/270/112
f 995/272/112 994/270/112 837/271/112
f 837/271/112 836/219/112 995/272/112
f 836/219/112 996/220/112 995/272/112
f 874/273/112 1104/274/112 875/113/112
f 1104/274/112 1103/276/112 876/275/112
f 875/113/112 1104/274/112 876/275/112
f 1062/277/112 937/279/112 936/278/112
f 1063/280/112 1062/277/112 936/278/112
f 1064/281/112 1063/280/112 936/278/112
f 1102/282/112 1101/284/112 879/283/112
f 879/283/112 878/285/112 1102/282/112
f 1103/276/112 1102/282/112 878/285/112
f 878/285/112 877/286/112 1103/276/112
f 876/275/112 1103/276/112 877/286/112
f 825/287/112 824/289/112 1003/288/112
f 1003/288/112 1002/290/112 825/287/112
f 826/291/112 825/287/112 1002/290/112
f 1064/281/112 936/278/112 935/292/112
f 1065/293/112 1064/281/112 935/292/112
f 935/292/112 934/294/112 1065/293/112
f 1066/295/112 1065/293/112 934/294/112
f 934/294/112 933/296/112 1066/295/112
f 881/297/112 880/299/112 1100/298/112
f 1101/284/112 1100/298/112 880/299/112
f 879/283/112 1101/284/112 880/299/112
f 822/300/112 821/302/112 1006/301/112
f 1006/301/112 1005/303/112 822/300/112
f 823/304/112 822/300/112 1005/303/112
f 1005/303/112 1004/305/112 823/304/112
f 824/289/112 823/304/112 1004/305/112
f 1003/288/112 824/289/112 1004/305/112
f 906/306/112 905/308/112 1082/307/112
f 1083/309/112 1082/307/112 905/308/112
f 905/308/112 904/310/112 1083/309/112
f 904/310/112 903/311/112 1083/309/112
f 802/312/112 801/314/112 808/313/112
f 1066/295/112 933/296/112 932/315/112
f 1067/316/112 1066/295/112 932/315/112
f 932/315/112 931/317/112 1067/316/112
f 1068/318/112 1067/316/112 931/317/112
f 931/317/112 930/319/112 1068/318/112
f 1069/320/112 1068/318/112 930/319/112
f 930/319/112 929/321/112 1069/320/112
f 1070/322/112 1069/320/112 929/321/112
f 929/321/112 928/323/112 1070/322/112
f 928/323/112 927/324/112 1070/322/112
f 1071/325/112 1070/322/112 927/324/112
f 927/324/112 926/326/112 1071/325/112
f 926/326/112 925/327/112 1071/325/112
f 1072/328/112 1071/325/112 925/327/112
f 925/327/112 924/329/112 1072/328/112
f 924/329/112 923/330/112 1072/328/112
f 1073/331/112 1072/328/112 923/330/112
f 923/330/112 922/332/112 1073/331/112
f 922/332/112 921/333/112 1073/331/112
f 1074/334/112 1073/331/112 921/333/112
f 921/333/112 920/335/112 1074/334/112
f 920/335/112 919/336/112 1074/334/112
f 1075/337/112 1074/334/112 919/336/112
f 919/336/112 918/338/112 1075/337/112
f 918/338/112 917/339/112 1075/337/112
f 1076/340/112 1075/337/112 917/339/112
f 917/339/112 916/341/112 1076/340/112
f 916/341/112 915/342/112 1076/340/112
f 1077/343/112 1076/340/112 915/342/112
f 915/342/112 914/344/112 1077/343/112
f 1078/345/112 1077/343/112 914/344/112
f 914/344/112 913/346/112 1078/345/112
f 913/346/112 912/347/112 1078/345/112
f 1079/348/112 1078/345/112 912/347/112
f 912/347/112 911/349/112 1079/348/112
f 911/349/112 910/350/112 1079/348/112
f 1080/351/112 1079/348/112 910/350/112
f 910/350/112 909/352/112 1080/351/112
f 909/352/112 908/353/112 1080/351/112
f 1081/354/112 1080/351/112 908/353/112
f 908/353/112 907/355/112 1081/354/112
f 907/355/112 906/306/112 1081/354/112
f 906/306/112 1082/307/112 1081/354/112
f 1083/309/112 903/311/112 1084/356/112
f 903/311/112 902/357/112 1084/356/112
f 1085/358/112 1084/356/112 902/357/112
f 902/357/112 901/359/112 1085/358/112
f 1086/360/112 1085/358/112 901/359/112
f 901/359/112 900/361/112 1086/360/112
f 900/361/112 899/362/112 1086/360/112
f 1087/363/112 1086/360/112 899/362/112
f 899/362/112 898/364/112 1087/363/112
f 1088/365/112 1087/363/112 898/364/112
f 898/364/112 897/366/112 1088/365/112
f 897/366/112 896/367/112 1088/365/112
f 1089/368/112 1088/365/112 896/367/112
f 896/367/112 895/369/112 1089/368/112
f 1090/370/112 1089/368/112 895/369/112
f 895/369/112 894/371/112 1090/370/112
f 894/371/112 893/372/112 1090/370/112
f 1091/373/112 1090/370/112 893/372/112
f 893/372/112 892/374/112 1091/373/112
f 1092/375/112 1091/373/112 892/374/112
f 892/374/112 891/376/112 1092/375/112
f 1093/377/112 1092/375/112 891/376/112
f 891/376/112 890/378/112 1093/377/112
f 890/378/112 889/379/112 1093/377/112
f 1094/380/112 1093/377/112 889/379/112
f 889/379/112 888/381/112 1094/380/112
f 1095/382/112 1094/380/112 888/381/112
f 888/381/112 887/383/112 1095/382/112
f 1096/384/112 1095/382/112 887/383/112
f 887/383/112 886/385/112 1096/384/112
f 886/385/112 885/386/112 1096/384/112
f 1097/387/112 1096/384/112 885/386/112
f 885/386/112 884/388/112 1097/387/112
f 1098/389/112 1097/387/112 884/388/112
f 884/388/112 883/390/112 1098/389/112
f 1099/391/112 1098/389/112 883/390/112
f 883/390/112 882/392/112 1099/391/112
f 1100/298/112 1099/391/112 882/392/112
f 881/297/112 1100/298/112 882/392/112
f 801/314/112 800/393/112 808/313/112
f 809/394/112 808/313/112 800/393/112
f 800/393/112 799/395/112 809/394/112
f 799/395/112 798/396/112 809/394/112
f 810/397/112 809/394/112 798/396/112
f 798/396/112 797/398/112 810/397/112
f 797/398/112 796/399/112 810/397/112
f 811/400/112 810/397/112 796/399/112
f 796/399/112 795/401/112 811/400/112
f 795/401/112 794/115/112 811/400/112
f 812/402/112 811/400/112 794/115/112
f 794/115/112 1022/403/112 812/402/112
f 1022/403/112 1021/404/112 812/402/112
f 813/405/112 812/402/112 1021/404/112
f 1021/404/112 1020/406/112 813/405/112
f 1020/406/112 1019/407/112 813/405/112
f 814/408/112 813/405/112 1019/407/112
f 1019/407/112 1018/409/112 814/408/112
f 1018/409/112 1017/410/112 814/408/112
f 815/411/112 814/408/112 1017/410/112
f 1017/410/112 1016/412/112 815/411/112
f 1016/412/112 1015/413/112 815/411/112
f 816/414/112 815/411/112 1015/413/112
f 1015/413/112 1014/415/112 816/414/112
f 1014/415/112 1013/416/112 816/414/112
f 817/417/112 816/414/112 1013/416/112
f 1013/416/112 1012/418/112 817/417/112
f 1012/418/112 1011/419/112 817/417/112
f 818/420/112 817/417/112 1011/419/112
f 1011/419/112 1010/421/112 818/420/112
f 1010/421/112 1009/422/112 818/420/112
f 819/423/112 818/420/112 1009/422/112
f 1009/422/112 1008/424/112 819/423/112
f 820/425/112 819/423/112 1008/424/112
f 1008/424/112 1007/426/112 820/425/112
f 821/302/112 820/425/112 1007/426/112
f 1006/301/112 821/302/112 1007/426/112
f 1060/186/112 939/185/112 938/427/112
f 1061/428/112 1060/186/112 938/427/112
f 938/427/112 937/279/112 1061/428/112
f 937/279/112 1062/277/112 1061/428/112
f 1104/274/112 874/273/112 1105/190/112
f 873/191/112 1105/190/112 874/273/112
f 826/291/112 1002/290/112 827/429/112
f 1002/290/112 1001/430/112 827/429/112
f 828/181/112 827/429/112 1001/430/112
f 1000/183/112 828/181/112 1001/430/112
f 806/431/112 805/433/112 807/432/112
f 805/433/112 804/434/112 807/432/112
f 804/434/112 803/435/112 807/432/112
f 803/435/112 802/312/112 807/432/112
f 808/313/112 807/432/112 802/312/112
f 1119/115/112 1146/437/112 1145/436/112
f 1145/436/112 1120/438/112 1119/115/112
f 1123/439/112 1122/441/112 1121/440/112
f 1147/442/112 1127/444/112 1124/443/112
f 1125/445/112 1124/443/112 1127/444/112
f 1145/436/112 1144/447/112 1143/446/112
f 1143/446/112 1142/448/112 1145/436/112
f 1120/438/112 1145/436/112 1142/448/112
f 1142/448/112 1148/449/112 1120/438/112
f 1121/440/112 1120/438/112 1148/449/112
f 1148/449/112 1147/442/112 1121/440/112
f 1147/442/112 1124/443/112 1121/440/112
f 1123/439/112 1121/440/112 1124/443/112
f 1139/450/112 1138/452/112 1141/451/112
f 1149/453/112 1141/451/112 1138/452/112
f 1137/454/112 1136/456/112 1135/455/112
f 1131/457/112 1134/459/112 1133/458/112
f 1133/458/112 1132/460/112 1131/457/112
f 1137/454/112 1135/455/112 1138/452/112
f 1149/453/112 1138/452/112 1135/455/112
f 1150/72/112 1149/453/112 1135/455/112
f 1135/455/112 1134/459/112 1150/72/112
f 1128/461/112 1150/72/112 1134/459/112
f 1134/459/112 1131/457/112 1128/461/112
f 1129/462/112 1128/461/112 1131/457/112
f 1131/457/112 1130/463/112 1129/462/112
f 1139/450/112 1141/451/112 1140/464/112
f 1148/449/112 1142/448/112 1141/451/112
f 1141/451/112 1149/453/112 1148/449/112
f 1127/444/112 1147/442/112 1150/72/112
f 1150/72/112 1128/461/112 1127/444/112
f 1125/445/112 1127/444/112 1126/465/112
f 1152/466/113 1151/115/113 1153/467/114 1154/468/114
f 1154/468/114 1153/467/114 1155/469/115 1156/470/115
f 1156/470/115 1155/469/115 1157/471/116 1158/472/116
f 1158/472/116 1157/471/116 1159/473/113 1160/474/113
f 1160/474/113 1159/473/113 1161/475/117 1162/476/117
f 1162/476/117 1161/475/117 1163/477/117 1164/478/117
f 1164/478/117 1163/477/117 1165/113/118 1166/479/118
f 1166/479/118 1165/113/118 1167/480/118 1168/481/118
f 1168/481/118 1167/480/118 1169/482/119 1170/483/119
f 1170/483/119 1169/482/119 1171/484/119 1172/485/119
f 1172/485/119 1171/484/119 1173/486/120 1174/487/120
f 1174/487/120 1173/486/120 1175/488/120 1176/489/120
f 1176/489/120 1175/488/120 1177/490/121 1178/491/121
f 1178/491/121 1177/490/121 1179/81/122 1180/492/122
f 1180/492/122 1179/81/122 1181/493/123 1182/494/123
f 1182/494/123 1181/493/123 1183/495/124 1184/496/124
f 1184/496/124 1183/495/124 1185/497/121 1186/498/121
f 1186/498/121 1185/497/121 1187/499/122 1188/500/122
f 1188/500/122 1187/499/122 1189/501/125 1190/502/125
f 1190/502/125 1189/501/125 1191/503/125 1192/504/125
f 1192/504/125 1191/503/125 1193/84/126 1194/505/126
f 1194/505/126 1193/84/126 1195/506/126 1196/507/126
f 1196/507/126 1195/506/126 1197/508/127 1198/509/127
f 1198/509/127 1197/508/127 1199/510/127 1200/511/127
f 1200/511/127 1199/510/127 1201/512/128 1202/513/128
f 1202/513/128 1201/512/128 1203/514/128 1204/515/128
f 1204/515/128 1203/514/128 1205/516/116 1206/517/116
f 1206/517/116 1205/516/116 1151/72/113 1152/518/113
f 1208/466/129 1207/115/129 1209/113/130 1210/479/130
f 1210/479/130 1209/113/130 1211/81/114 1212/492/114
f 1212/492/114 1211/81/114 1213/84/115 1214/505/115
f 1214/505/115 1213/84/115 1207/72/129 1208/518/129
f 1216/466/131 1215/115/131 1217/519/132 1218/520/132
f 1218/520/132 1217/519/132 1219/521/133 1220/522/133
f 1220/522/133 1219/521/133 1221/523/134 1222/524/134
f 1222/524/134 1221/523/134 1223/525/135 1224/526/135
f 1224/526/135 1223/525/135 1225/527/136 1226/528/136
f 1226/528/136 1225/527/136 1227/529/137 1228/530/137
f 1228/530/137 1227/529/137 1229/531/138 1230/532/138
f 1230/532/138 1229/531/138 1231/533/139 1232/534/139
f 1232/534/139 1231/533/139 1233/535/140 1234/536/140
f 1234/536/140 1233/535/140 1235/537/141 1236/538/141
f 1236/538/141 1235/537/141 1237/539/142 1238/540/142
f 1238/540/142 1237/539/142 1239/541/143 1240/542/143
f 1240/542/143 1239/541/143 1241/543/144 1242/544/144
f 1242/544/144 1241/543/144 1243/545/145 1244/546/145
f 1244/546/145 1243/545/145 1245/547/146 1246/548/146
f 1246/548/146 1245/547/146 1247/549/147 1248/550/147
f 1248/550/147 1247/549/147 1249/551/148 1250/552/148
f 1250/552/148 1249/551/148 1251/553/149 1252/554/149
f 1252/554/149 1251/553/149 1253/555/150 1254/556/150
f 1254/556/150 1253/555/150 1255/557/151 1256/558/151
f 1256/558/151 1255/557/151 1257/559/152 1258/560/152
f 1258/560/152 1257/559/152 1259/561/153 1260/562/153
f 1260/562/153 1259/561/153 1261/563/154 1262/564/154
f 1262/564/154 1261/563/154 1263/565/155 1264/566/155
f 1264/566/155 1263/565/155 1265/567/156 1266/568/156
f 1266/568/156 1265/567/156 1267/569/157 1268/570/157
f 1268/570/157 1267/569/157 1269/571/158 1270/572/158
f 1270/572/158 1269/571/158 1271/573/159 1272/574/159
f 1272/574/159 1271/573/159 1273/575/160 1274/576/160
f 1274/576/160 1273/575/160 1275/577/161 1276/578/161
f 1276/578/161 1275/577/161 1277/579/162 1278/580/162
f 1278/580/162 1277/579/162 1279/581/163 1280/582/163
f 1280/582/163 1279/581/163 1281/583/164 1282/584/164
f 1282/584/164 1281/583/164 1283/585/165 1284/586/165
f 1284/586/165 1283/585/165 1285/587/166 1286/588/166
f 1286/588/166 1285/587/166 1287/589/167 1288/590/167
f 1288/590/167 1287/589/167 1289/591/168 1290/592/168
f 1290/592/168 1289/591/168 1291/593/169 1292/594/169
f 1292/594/169 1291/593/169 1293/595/170 1294/596/170
f 1294/596/170 1293/595/170 1295/597/171 1296/598/171
f 1296/598/171 1295/597/171 1297/599/172 1298/600/172
f 1298/600/172 1297/599/172 1299/601/173 1300/602/173
f 1300/602/173 1299/601/173 1301/603/174 1302/604/174
f 1302/604/174 1301/603/174 1303/605/175 1304/606/175
f 1304/606/175 1303/605/175 1305/607/176 1306/608/176
f 1306/608/176 1305/607/176 1307/609/177 1308/610/177
f 1308/610/177 1307/609/177 1309/611/178 1310/612/178
f 1310/612/178 1309/611/178 1311/613/179 1312/614/179
f 1312/614/179 1311/613/179 1313/615/180 1314/616/180
f 1314/616/180 1313/615/180 1315/617/181 1316/618/181
f 1316/618/181 1315/617/181 1317/619/182 1318/620/182
f 1318/620/182 1317/619/182 1319/621/183 1320/622/183
f 1320/622/183 1319/621/183 1321/623/184 1322/624/184
f 1322/624/184 1321/623/184 1323/625/185 1324/626/185
f 1324/626/185 1323/625/185 1325/627/186 1326/628/186
f 1326/628/186 1325/627/186 1327/629/187 1328/630/187
f 1328/630/187 1327/629/187 1329/631/188 1330/632/188
f 1330/632/188 1329/631/188 1331/633/189 1332/634/189
f 1332/634/189 1331/633/189 1333/635/190 1334/636/190
f 1334/636/190 1333/635/190 1335/637/191 1336/638/191
f 1336/638/191 1335/637/191 1337/639/192 1338/640/192
f 1338/640/192 1337/639/192 1339/641/193 1340/642/193
f 1340/642/193 1339/641/193 1341/643/194 1342/644/194
f 1342/644/194 1341/643/194 1343/645/195 1344/646/195
f 1344/646/195 1343/645/195 1345/647/196 1346/648/196
f 1346/648/196 1345/647/196 1347/649/197 1348/650/197
f 1348/650/197 1347/649/197 1349/651/198 1350/652/198
f 1350/652/198 1349/651/198 1351/653/199 1352/654/199
f 1352/654/199 1351/653/199 1353/655/200 1354/656/200
f 1354/656/200 1353/655/200 1355/657/201 1356/658/201
f 1356/658/201 1355/657/201 1357/659/202 1358/660/202
f 1358/660/202 1357/659/202 1359/661/203 1360/662/203
f 1360/662/203 1359/661/203 1361/663/204 1362/664/204
f 1362/664/204 1361/663/204 1363/665/205 1364/666/205
f 1364/666/205 1363/665/205 1365/667/206 1366/668/206
f 1366/668/206 1365/667/206 1367/669/207 1368/670/207
f 1368/670/207 1367/669/207 1369/671/208 1370/672/208
f 1370/672/208 1369/671/208 1371/673/209 1372/674/209
f 1372/674/209 1371/673/209 1373/675/210 1374/676/210
f 1374/676/210 1373/675/210 1375/677/211 1376/678/211
f 1376/678/211 1375/677/211 1377/679/212 1378/680/212
f 1378/680/212 1377/679/212 1379/681/213 1380/682/213
f 1380/682/213 1379/681/213 1381/683/214 1382/684/214
f 1382/684/214 1381/683/214 1383/685/215 1384/686/215
f 1384/686/215 1383/685/215 1385/687/216 1386/688/216
f 1386/688/216 1385/687/216 1387/689/217 1388/690/217
f 1388/690/217 1387/689/217 1389/691/218 1390/692/218
f 1390/692/218 1389/691/218 1391/693/219 1392/694/219
f 1392/694/219 1391/693/219 1393/695/220 1394/696/220
f 1394/696/220 1393/695/220 1395/697/221 1396/698/221
f 1396/698/221 1395/697/221 1397/699/222 1398/700/222
f 1398/700/222 1397/699/222 1399/701/223 1400/702/223
f 1400/702/223 1399/701/223 1401/703/224 1402/704/224
f 1402/704/224 1401/703/224 1403/705/225 1404/706/225
f 1404/706/225 1403/705/225 1405/707/226 1406/708/226
f 1406/708/226 1405/707/226 1407/709/227 1408/710/227
f 1408/710/227 1407/709/227 1409/711/228 1410/712/228
f 1410/712/228 1409/711/228 1411/713/229 1412/714/229
f 1412/714/229 1411/713/229 1413/715/230 1414/716/230
f 1414/716/230 1413/715/230 1415/717/231 1416/718/231
f 1416/718/231 1415/717/231 1417/719/232 1418/720/232
f 1418/720/232 1417/719/232 1419/721/233 1420/722/233
f 1420/722/233 1419/721/233 1421/723/234 1422/724/234
f 1422/724/234 1421/723/234 1423/725/235 1424/726/235
f 1424/726/235 1423/725/235 1425/727/236 1426/728/236
f 1426/728/236 1425/727/236 1427/729/237 1428/730/237
f 1428/730/237 1427/729/237 1429/731/238 1430/732/238
f 1430/732/238 1429/731/238 1431/733/239 1432/734/239
f 1432/734/239 1431/733/239 1433/735/240 1434/736/240
f 1434/736/240 1433/735/240 1435/737/241 1436/738/241
f 1436/738/241 1435/737/241 1437/739/242 1438/740/242
f 1438/740/242 1437/739/242 1439/741/243 1440/742/243
f 1440/742/243 1439/741/243 1441/743/244 1442/744/244
f 1442/744/244 1441/743/244 1443/745/245 1444/746/245
f 1444/746/245 1443/745/245 1445/747/246 1446/748/246
f 1446/748/246 1445/747/246 1447/749/247 1448/750/247
f 1448/750/247 1447/749/247 1449/751/248 1450/752/248
f 1450/752/248 1449/751/248 1451/753/249 1452/754/249
f 1452/754/249 1451/753/249 1453/755/250 1454/756/250
f 1454/756/250 1453/755/250 1455/757/251 1456/758/251
f 1456/758/251 1455/757/251 1457/759/252 1458/760/252
f 1458/760/252 1457/759/252 1459/761/253 1460/762/253
f 1460/762/253 1459/761/253 1461/763/254 1462/764/254
f 1462/764/254 1461/763/254 1463/765/255 1464/766/255
f 1464/766/255 1463/765/255 1465/767/256 1466/768/256
f 1466/768/256 1465/767/256 1467/769/257 1468/770/257
f 1468/770/257 1467/769/257 1469/771/258 1470/772/258
f 1470/772/258 1469/771/258 1471/773/259 1472/774/259
f 1472/774/259 1471/773/259 1473/775/260 1474/776/260
f 1474/776/260 1473/775/260 1475/777/261 1476/778/261
f 1476/778/261 1475/777/261 1477/779/262 1478/780/262
f 1478/780/262 1477/779/262 1479/781/263 1480/782/263
f 1480/782/263 1479/781/263 1481/783/264 1482/784/264
f 1482/784/264 1481/783/264 1483/785/265 1484/786/265
f 1484/786/265 1483/785/265 1485/787/266 1486/788/266
f 1486/788/266 1485/787/266 1487/789/267 1488/790/267
f 1488/790/267 1487/789/267 1489/791/268 1490/792/268
f 1490/792/268 1489/791/268 1491/793/269 1492/794/269
f 1492/794/269 1491/793/269 1493/795/270 1494/796/270
f 1494/796/270 1493/795/270 1495/797/271 1496/798/271
f 1496/798/271 1495/797/271 1497/799/272 1498/800/272
f 1498/800/272 1497/799/272 1499/801/273 1500/802/273
f 1500/802/273 1499/801/273 1501/803/274 1502/804/274
f 1502/804/274 1501/803/274 1503/805/275 1504/806/275
f 1504/806/275 1503/805/275 1505/807/276 1506/808/276
f 1506/808/276 1505/807/276 1507/809/277 1508/810/277
f 1508/810/277 1507/809/277 1509/811/278 1510/812/278
f 1510/812/278 1509/811/278 1511/813/279 1512/814/279
f 1512/814/279 1511/813/279 1513/815/280 1514/816/280
f 1514/816/280 1513/815/280 1515/817/281 1516/818/281
f 1516/818/281 1515/817/281 1517/819/282 1518/820/282
f 1518/820/282 1517/819/282 1519/821/283 1520/822/283
f 1520/822/283 1519/821/283 1521/823/284 1522/824/284
f 1522/824/284 1521/823/284 1523/825/285 1524/826/285
f 1524/826/285 1523/825/285 1525/827/286 1526/828/286
f 1526/828/286 1525/827/286 1527/829/287 1528/830/287
f 1528/830/287 1527/829/287 1529/831/288 1530/832/288
f 1530/832/288 1529/831/288 1531/833/289 1532/834/289
f 1532/834/289 1531/833/289 1533/835/290 1534/836/290
f 1534/836/290 1533/835/290 1535/837/291 1536/838/291
f 1536/838/291 1535/837/291 1537/839/292 1538/840/292
f 1538/840/292 1537/839/292 1539/841/293 1540/842/293
f 1540/842/293 1539/841/293 1541/843/294 1542/844/294
f 1542/844/294 1541/843/294 1543/845/295 1544/846/295
f 1544/846/295 1543/845/295 1545/847/296 1546/848/296
f 1546/848/296 1545/847/296 1547/849/297 1548/850/297
f 1548/850/297 1547/849/297 1549/851/298 1550/852/298
f 1550/852/298 1549/851/298 1551/853/299 1552/854/299
f 1552/854/299 1551/853/299 1553/855/300 1554/856/300
f 1554/856/300 1553/855/300 1555/857/301 1556/858/301
f 1556/858/301 1555/857/301 1557/859/302 1558/860/302
f 1558/860/302 1557/859/302 1559/861/303 1560/862/303
f 1560/862/303 1559/861/303 1561/863/304 1562/864/304
f 1562/864/304 1561/863/304 1563/865/305 1564/866/305
f 1564/866/305 1563/865/305 1565/867/306 1566/868/306
f 1566/868/306 1565/867/306 1567/869/307 1568/870/307
f 1568/870/307 1567/869/307 1569/871/308 1570/872/308
f 1570/872/308 1569/871/308 1571/873/309 1572/874/309
f 1572/874/309 1571/873/309 1573/875/310 1574/876/310
f 1574/876/310 1573/875/310 1575/877/311 1576/878/311
f 1576/878/311 1575/877/311 1577/879/312 1578/880/312
f 1578/880/312 1577/879/312 1579/881/313 1580/882/313
f 1580/882/313 1579/881/313 1581/883/314 1582/884/314
f 1582/884/314 1581/883/314 1583/885/315 1584/886/315
f 1584/886/315 1583/885/315 1585/887/316 1586/888/316
f 1586/888/316 1585/887/316 1587/889/317 1588/890/317
f 1588/890/317 1587/889/317 1589/891/318 1590/892/318
f 1590/892/318 1589/891/318 1591/893/319 1592/894/319
f 1592/894/319 1591/893/319 1593/895/320 1594/896/320
f 1594/896/320 1593/895/320 1595/897/321 1596/898/321
f 1596/898/321 1595/897/321 1597/899/322 1598/900/322
f 1598/900/322 1597/899/322 1599/901/323 1600/902/323
f 1600/902/323 1599/901/323 1601/903/324 1602/904/324
f 1602/904/324 1601/903/324 1603/905/325 1604/906/325
f 1604/906/325 1603/905/325 1605/907/326 1606/908/326
f 1606/908/326 1605/907/326 1607/909/327 1608/910/327
f 1608/910/327 1607/909/327 1609/911/328 1610/912/328
f 1610/912/328 1609/911/328 1611/913/329 1612/914/329
f 1612/914/329 1611/913/329 1613/915/330 1614/916/330
f 1614/916/330 1613/915/330 1615/917/331 1616/918/331
f 1616/918/331 1615/917/331 1617/919/332 1618/920/332
f 1618/920/332 1617/919/332 1619/921/333 1620/922/333
f 1620/922/333 1619/921/333 1621/923/334 1622/924/334
f 1622/924/334 1621/923/334 1623/925/335 1624/926/335
f 1624/926/335 1623/925/335 1625/927/336 1626/928/336
f 1626/928/336 1625/927/336 1627/929/337 1628/930/337
f 1628/930/337 1627/929/337 1629/931/338 1630/932/338
f 1630/932/338 1629/931/338 1631/933/339 1632/934/339
f 1632/934/339 1631/933/339 1633/935/340 1634/936/340
f 1634/936/340 1633/935/340 1635/937/341 1636/938/341
f 1636/938/341 1635/937/341 1637/939/342 1638/940/342
f 1638/940/342 1637/939/342 1639/941/343 1640/942/343
f 1640/942/343 1639/941/343 1641/943/344 1642/944/344
f 1642/944/344 1641/943/344 1643/945/345 1644/946/345
f 1644/946/345 1643/945/345 1645/947/346 1646/948/346
f 1646/948/346 1645/947/346 1647/949/347 1648/950/347
f 1648/950/347 1647/949/347 1649/951/348 1650/952/348
f 1650/952/348 1649/951/348 1651/953/349 1652/954/349
f 1652/954/349 1651/953/349 1653/955/350 1654/956/350
f 1654/956/350 1653/955/350 1655/957/351 1656/958/351
f 1656/958/351 1655/957/351 1657/959/352 1658/960/352
f 1658/960/352 1657/959/352 1659/961/353 1660/962/353
f 1660/962/353 1659/961/353 1661/963/354 1662/964/354
f 1662/964/354 1661/963/354 1663/965/355 1664/966/355
f 1664/966/355 1663/965/355 1665/967/356 1666/968/356
f 1666/968/356 1665/967/356 1667/969/357 1668/970/357
f 1668/970/357 1667/969/357 1669/971/358 1670/972/358
f 1670/972/358 1669/971/358 1671/973/359 1672/974/359
f 1672/974/359 1671/973/359 1215/72/131 1216/518/131
f 1674/466/360 1673/115/360 1675/975/361 1676/976/361
f 1676/976/361 1675/975/361 1677/977/362 1678/978/362
f 1678/978/362 1677/977/362 1679/66/363 1680/979/363
f 1680/979/363 1679/66/363 1681/980/364 1682/981/364
f 1682/981/364 1681/980/364 1683/982/365 1684/983/365
f 1684/983/365 1683/982/365 1685/65/366 1686/984/366
f 1686/984/366 1685/65/366 1687/985/367 1688/986/367
f 1688/986/367 1687/985/367 1689/302/368 1690/987/368
f 1690/987/368 1689/302/368 1691/80/369 1692/988/369
f 1692/988/369 1691/80/369 1693/989/370 1694/990/370
f 1694/990/370 1693/989/370 1695/991/371 1696/992/371
f 1696/992/371 1695/991/371 1697/78/372 1698/993/372
f 1698/993/372 1697/78/372 1699/994/373 1700/995/373
f 1700/995/373 1699/994/373 1701/996/374 1702/997/374
f 1702/997/374 1701/996/374 1703/76/375 1704/998/375
f 1704/998/375 1703/76/375 1705/166/376 1706/999/376
f 1706/999/376 1705/166/376 1707/1000/377 1708/1001/377
f 1708/1001/377 1707/1000/377 1709/74/378 1710/1002/378
f 1710/1002/378 1709/74/378 1711/1003/379 1712/1004/379
f 1712/1004/379 1711/1003/379 1713/1005/380 1714/1006/380
f 1714/1006/380 1713/1005/380 1715/71/381 1716/1007/381
f 1716/1007/381 1715/71/381 1717/1008/382 1718/1009/382
f 1718/1009/382 1717/1008/382 1719/1010/383 1720/1011/383
f 1720/1011/383 1719/1010/383 1721/113/384 1722/479/384
f 1722/479/384 1721/113/384 1723/1012/385 1724/1013/385
f 1724/1013/385 1723/1012/385 1725/1014/386 1726/1015/386
f 1726/1015/386 1725/1014/386 1727/109/387 1728/1016/387
f 1728/1016/387 1727/109/387 1729/1017/388 1730/1018/388
f 1730/1018/388 1729/1017/388 1731/1019/389 1732/1020/389
f 1732/1020/389 1731/1019/389 1733/105/390 1734/1021/390
f 1734/1021/390 1733/105/390 1735/1022/391 1736/1023/391
f 1736/1023/391 1735/1022/391 1737/357/392 1738/1024/392
f 1738/1024/392 1737/357/392 1739/101/393 1740/1025/393
f 1740/1025/393 1739/101/393 1741/1026/394 1742/1027/394
f 1742/1027/394 1741/1026/394 1743/1028/395 1744/1029/395
f 1744/1029/395 1743/1028/395 1745/97/396 1746/1030/396
f 1746/1030/396 1745/97/396 1747/1031/397 1748/1032/397
f 1748/1032/397 1747/1031/397 1749/1033/398 1750/1034/398
f 1750/1034/398 1749/1033/398 1751/93/399 1752/1035/399
f 1752/1035/399 1751/93/399 1753/321/400 1754/1036/400
f 1754/1036/400 1753/321/400 1755/1037/401 1756/1038/401
f 1756/1038/401 1755/1037/401 1757/89/402 1758/1039/402
f 1758/1039/402 1757/89/402 1759/1040/403 1760/1041/403
f 1760/1041/403 1759/1040/403 1761/1042/404 1762/1043/404
f 1762/1043/404 1761/1042/404 1763/85/405 1764/1044/405
f 1764/1044/405 1763/85/405 1765/1045/406 1766/1046/406
f 1766/1046/406 1765/1045/406 1767/1047/407 1768/1048/407
f 1768/1048/407 1767/1047/407 1769/81/408 1770/492/408
f 1770/492/408 1769/81/408 1771/1049/409 1772/1050/409
f 1772/1050/409 1771/1049/409 1773/1051/410 1774/1052/410
f 1774/1052/410 1773/1051/410 1775/62/411 1776/1053/411
f 1776/1053/411 1775/62/411 1777/1054/412 1778/1055/412
f 1778/1055/412 1777/1054/412 1779/1056/413 1780/1057/413
f 1780/1057/413 1779/1056/413 1781/58/414 1782/1058/414
f 1782/1058/414 1781/58/414 1783/1059/415 1784/1060/415
f 1784/1060/415 1783/1059/415 1785/165/416 1786/1061/416
f 1786/1061/416 1785/165/416 1787/54/417 1788/1062/417
f 1788/1062/417 1787/54/417 1789/1063/418 1790/1064/418
f 1790/1064/418 1789/1063/418 1791/1065/419 1792/1066/419
f 1792/1066/419 1791/1065/419 1793/53/420 1794/1067/420
f 1794/1067/420 1793/53/420 1795/1068/421 1796/1069/421
f 1796/1069/421 1795/1068/421 1797/1070/422 1798/1071/422
f 1798/1071/422 1797/1070/422 1799/55/423 1800/1072/423
f 1800/1072/423 1799/55/423 1801/421/424 1802/1073/424
f 1802/1073/424 1801/421/424 1803/1074/425 1804/1075/425
f 1804/1075/425 1803/1074/425 1805/59/426 1806/1076/426
f 1806/1076/426 1805/59/426 1807/1077/427 1808/1078/427
f 1808/1078/427 1807/1077/427 1809/1079/428 1810/1080/428
f 1810/1080/428 1809/1079/428 1811/64/429 1812/1081/429
f 1812/1081/429 1811/64/429 1813/1082/430 1814/1083/430
f 1814/1083/430 1813/1082/430 1815/1084/431 1816/1085/431
f 1816/1085/431 1815/1084/431 1817/84/432 1818/505/432
f 1818/505/432 1817/84/432 1819/1086/433 1820/1087/433
f 1820/1087/433 1819/1086/433 1821/1088/434 1822/1089/434
f 1822/1089/434 1821/1088/434 1823/88/435 1824/1090/435
f 1824/1090/435 1823/88/435 1825/1091/436 1826/1092/436
f 1826/1092/436 1825/1091/436 1827/1093/437 1828/1094/437
f 1828/1094/437 1827/1093/437 1829/92/438 1830/1095/438
f 1830/1095/438 1829/92/438 1831/1096/439 1832/1097/439
f 1832/1097/439 1831/1096/439 1833/281/440 1834/1098/440
f 1834/1098/440 1833/281/440 1835/96/441 1836/1099/441
f 1836/1099/441 1835/96/441 1837/1100/442 1838/1101/442
f 1838/1101/442 1837/1100/442 1839/1102/443 1840/1103/443
f 1840/1103/443 1839/1102/443 1841/100/444 1842/1104/444
f 1842/1104/444 1841/100/444 1843/1105/445 1844/1106/445
f 1844/1106/445 1843/1105/445 1845/1107/446 1846/1108/446
f 1846/1108/446 1845/1107/446 1847/104/447 1848/1109/447
f 1848/1109/447 1847/104/447 1849/373/448 1850/1110/448
f 1850/1110/448 1849/373/448 1851/1111/449 1852/1112/449
f 1852/1112/449 1851/1111/449 1853/108/450 1854/1113/450
f 1854/1113/450 1853/108/450 1855/1114/451 1856/1115/451
f 1856/1115/451 1855/1114/451 1857/1116/452 1858/1117/452
f 1858/1117/452 1857/1116/452 1859/112/453 1860/1118/453
f 1860/1118/453 1859/112/453 1861/1119/454 1862/1120/454
f 1862/1120/454 1861/1119/454 1863/1121/455 1864/1122/455
f 1864/1122/455 1863/1121/455 1673/72/360 1674/518/360
f 1866/466/116 1865/115/116 1867/1123/113 1868/1124/113
f 1868/1124/113 1867/1123/113 1869/1125/121 1870/1126/121
f 1870/1126/121 1869/1125/121 1871/1127/456 1872/1128/456
f 1872/1128/456 1871/1127/456 1873/1129/457 1874/1130/457
f 1874/1130/457 1873/1129/457 1875/1131/458 1876/1132/458
f 1876/1132/458 1875/1131/458 1877/1133/459 1878/1134/459
f 1878/1134/459 1877/1133/459 1879/1135/460 1880/1136/460
f 1880/1136/460 1879/1135/460 1881/1137/461 1882/1138/461
f 1882/1138/461 1881/1137/461 1883/1139/462 1884/1140/462
f 1884/1140/462 1883/1139/462 1885/1141/463 1886/1142/463
f 1886/1142/463 1885/1141/463 1887/1143/464 1888/1144/464
f 1888/1144/464 1887/1143/464 1889/1145/465 1890/1146/465
f 1890/1146/465 1889/1145/465 1891/1147/466 1892/1148/466
f 1892/1148/466 1891/1147/466 1893/1149/467 1894/1150/467
f 1894/1150/467 1893/1149/467 1895/1151/468 1896/1152/468
f 1896/1152/468 1895/1151/468 1897/1153/469 1898/1154/469
f 1898/1154/469 1897/1153/469 1899/1155/470 1900/1156/470
f 1900/1156/470 1899/1155/470 1901/1157/471 1902/1158/471
f 1902/1158/471 1901/1157/471 1903/1159/472 1904/1160/472
f 1904/1160/472 1903/1159/472 1905/1161/473 1906/1162/473
f 1906/1162/473 1905/1161/473 1907/1163/474 1908/1164/474
f 1908/1164/474 1907/1163/474 1909/1165/475 1910/1166/475
f 1910/1166/475 1909/1165/475 1911/1167/476 1912/1168/476
f 1912/1168/476 1911/1167/476 1913/1169/477 1914/1170/477
f 1914/1170/477 1913/1169/477 1915/1171/478 1916/1172/478
f 1916/1172/478 1915/1171/478 1917/1173/479 1918/1174/479
f 1918/1174/479 1917/1173/479 1919/1175/480 1920/1176/480
f 1920/1176/480 1919/1175/480 1921/1177/481 1922/1178/481
f 1922/1178/481 1921/1177/481 1923/1179/482 1924/1180/482
f 1924/1180/482 1923/1179/482 1925/1181/483 1926/1182/483
f 1926/1182/483 1925/1181/483 1927/1183/484 1928/1184/484
f 1928/1184/484 1927/1183/484 1929/1185/485 1930/1186/485
f 1930/1186/485 1929/1185/485 1931/1187/486 1932/1188/486
f 1932/1188/486 1931/1187/486 1933/1189/487 1934/1190/487
f 1934/1190/487 1933/1189/487 1935/1191/488 1936/1192/488
f 1936/1192/488 1935/1191/488 1937/1193/489 1938/1194/489
f 1938/1194/489 1937/1193/489 1939/1195/490 1940/1196/490
f 1940/1196/490 1939/1195/490 1941/1197/491 1942/1198/491
f 1942/1198/491 1941/1197/491 1943/1199/492 1944/1200/492
f 1944/1200/492 1943/1199/492 1945/1201/493 1946/1202/493
f 1946/1202/493 1945/1201/493 1947/1203/494 1948/1204/494
f 1948/1204/494 1947/1203/494 1949/1205/495 1950/1206/495
f 1950/1206/495 1949/1205/495 1951/1207/496 1952/1208/496
f 1952/1208/496 1951/1207/496 1953/1209/497 1954/1210/497
f 1954/1210/497 1953/1209/497 1955/1211/498 1956/1212/498
f 1956/1212/498 1955/1211/498 1957/1213/499 1958/1214/499
f 1958/1214/499 1957/1213/499 1959/1215/500 1960/1216/500
f 1960/1216/500 1959/1215/500 1961/1217/501 1962/1218/501
f 1962/1218/501 1961/1217/501 1963/1219/502 1964/1220/502
f 1964/1220/502 1963/1219/502 1965/1221/503 1966/1222/503
f 1966/1222/503 1965/1221/503 1967/1223/504 1968/1224/504
f 1968/1224/504 1967/1223/504 1969/1225/505 1970/1226/505
f 1970/1226/505 1969/1225/505 1971/1227/506 1972/1228/506
f 1972/1228/506 1971/1227/506 1973/1229/507 1974/1230/507
f 1974/1230/507 1973/1229/507 1975/1231/508 1976/1232/508
f 1976/1232/508 1975/1231/508 1977/1233/509 1978/1234/509
f 1978/1234/509 1977/1233/509 1979/1235/510 1980/1236/510
f 1980/1236/510 1979/1235/510 1981/1237/511 1982/1238/511
f 1982/1238/511 1981/1237/511 1983/1239/512 1984/1240/512
f 1984/1240/512 1983/1239/512 1985/1241/513 1986/1242/513
f 1986/1242/513 1985/1241/513 1987/1243/514 1988/1244/514
f 1988/1244/514 1987/1243/514 1989/1245/515 1990/1246/515
f 1990/1246/515 1989/1245/515 1991/1247/516 1992/1248/516
f 1992/1248/516 1991/1247/516 1993/1249/517 1994/1250/517
f 1994/1250/517 1993/1249/517 1865/72/116 1866/518/116
